trainingid,userid,courseid,status,completion_percentage,start_date,finish_date,last_updated,recbegindate
1,390,27,inactive,0,2019-02-07,None,2022-07-05,2019-02-07
2,224,53,active,73,2019-06-09,None,2020-04-13,2019-06-09
3,753,950,inactive,0,2019-04-17,None,2020-07-08,2019-04-17
4,831,323,active,9,2019-01-21,None,2019-09-14,2019-01-21
5,384,457,active,54,2018-07-06,None,2018-08-20,2018-07-06
6,732,500,active,4,2019-03-21,None,2019-09-06,2019-03-21
7,823,365,active,71,2018-02-05,None,2021-06-22,2018-02-05
8,347,361,inactive,0,2018-01-20,None,2018-11-24,2018-01-20
9,5,403,inactive,0,2019-06-26,None,2018-06-13,2019-06-26
10,494,307,inactive,0,2018-01-02,None,2018-09-28,2018-01-02
11,432,713,active,47,2018-07-26,None,2021-10-21,2018-07-26
12,431,746,inactive,0,2019-07-23,None,2018-10-08,2019-07-23
13,530,467,inactive,0,2019-03-25,None,2018-05-09,2019-03-25
14,568,420,inactive,0,2019-06-11,None,2018-07-06,2019-06-11
15,977,558,inactive,0,2018-09-22,None,2018-07-26,2018-09-22
16,112,243,active,78,2019-03-29,None,2018-09-22,2019-03-29
17,369,803,inactive,0,2018-09-29,None,2022-05-27,2018-09-29
18,794,957,active,6,2019-02-10,None,2020-03-03,2019-02-10
19,650,823,active,68,2018-09-06,None,2020-09-27,2018-09-06
20,694,480,inactive,0,2018-05-14,None,2021-08-01,2018-05-14
21,835,906,inactive,0,2018-07-28,None,2019-10-08,2018-07-28
22,794,868,inactive,0,2018-04-19,None,2021-01-23,2018-04-19
23,420,347,active,71,2018-05-10,None,2021-11-28,2018-05-10
24,883,815,active,64,2018-09-08,None,2021-01-21,2018-09-08
25,645,670,active,90,2019-06-13,None,2019-07-23,2019-06-13
26,809,803,active,28,2018-11-08,None,2020-11-08,2018-11-08
27,9,210,active,54,2018-06-17,None,2021-08-21,2018-06-17
28,584,349,inactive,0,2019-05-21,None,2018-12-27,2019-05-21
29,195,161,inactive,0,2018-10-10,None,2018-08-13,2018-10-10
30,72,26,active,42,2018-06-17,None,2022-08-10,2018-06-17
31,417,900,active,23,2018-04-08,None,2021-11-23,2018-04-08
32,456,235,active,88,2019-06-22,None,2021-05-26,2019-06-22
33,315,292,inactive,0,2018-10-07,None,2020-07-09,2018-10-07
34,280,903,inactive,0,2019-03-18,None,2019-02-26,2019-03-18
35,810,983,inactive,0,2018-10-17,None,2019-11-28,2018-10-17
36,450,464,inactive,0,2018-03-18,None,2021-07-25,2018-03-18
37,243,82,active,27,2018-06-30,None,2018-11-20,2018-06-30
38,817,312,inactive,0,2018-03-07,None,2019-09-01,2018-03-07
39,998,840,active,15,2019-03-06,None,2021-03-10,2019-03-06
40,366,977,active,73,2018-04-09,None,2020-09-27,2018-04-09
41,112,93,inactive,0,2019-05-28,None,2019-12-10,2019-05-28
42,478,328,active,72,2019-01-26,None,2020-12-26,2019-01-26
43,972,62,inactive,0,2018-05-17,None,2018-11-04,2018-05-17
44,972,227,active,94,2019-04-16,None,2020-07-27,2019-04-16
45,757,537,inactive,0,2018-12-06,None,2018-04-24,2018-12-06
46,579,9,inactive,0,2018-01-26,None,2021-03-25,2018-01-26
47,920,924,inactive,0,2018-02-10,None,2020-09-07,2018-02-10
48,903,96,inactive,0,2019-01-19,None,2019-10-03,2019-01-19
49,697,792,active,17,2019-01-28,None,2019-05-08,2019-01-28
50,450,18,inactive,0,2018-02-08,None,2018-08-14,2018-02-08
51,865,953,active,99,2019-05-06,None,2021-01-27,2019-05-06
52,67,58,active,13,2018-03-03,None,2021-04-10,2018-03-03
53,620,218,inactive,0,2018-03-16,None,2022-06-18,2018-03-16
54,274,772,active,3,2018-06-04,None,2021-05-31,2018-06-04
55,58,513,inactive,0,2019-06-10,None,2019-11-10,2019-06-10
56,607,895,inactive,0,2018-01-07,None,2019-09-05,2018-01-07
57,508,480,inactive,0,2018-07-27,None,2021-11-04,2018-07-27
58,362,436,inactive,0,2018-06-14,None,2020-11-22,2018-06-14
59,219,966,inactive,0,2019-07-27,None,2022-01-20,2019-07-27
60,683,115,inactive,0,2018-09-16,None,2019-11-07,2018-09-16
61,845,48,active,98,2018-08-03,None,2021-05-16,2018-08-03
62,98,892,inactive,0,2019-07-23,None,2022-07-28,2019-07-23
63,425,112,active,78,2018-07-14,None,2018-06-27,2018-07-14
64,124,59,active,73,2018-04-20,None,2020-09-28,2018-04-20
65,410,414,inactive,0,2019-07-14,None,2022-02-28,2019-07-14
66,552,720,inactive,0,2018-11-17,None,2019-09-02,2018-11-17
67,992,678,inactive,0,2019-06-07,None,2018-09-16,2019-06-07
68,253,964,inactive,0,2019-04-11,None,2021-10-20,2019-04-11
69,961,537,inactive,0,2019-07-04,None,2020-12-10,2019-07-04
70,856,181,active,27,2018-07-02,None,2019-06-12,2018-07-02
71,669,493,inactive,0,2019-04-09,None,2022-07-10,2019-04-09
72,715,756,inactive,0,2018-04-21,None,2020-08-02,2018-04-21
73,374,456,inactive,0,2018-01-31,None,2020-09-27,2018-01-31
74,568,341,active,14,2018-03-21,None,2020-03-01,2018-03-21
75,176,626,active,22,2019-04-30,None,2020-05-14,2019-04-30
76,144,772,inactive,0,2019-02-27,None,2020-01-16,2019-02-27
77,171,252,inactive,0,2019-06-08,None,2020-07-23,2019-06-08
78,183,258,active,73,2018-08-13,None,2021-05-18,2018-08-13
79,553,184,active,9,2019-07-02,None,2019-03-19,2019-07-02
80,743,504,active,17,2018-08-19,None,2018-03-28,2018-08-19
81,882,584,active,91,2018-06-20,None,2021-02-20,2018-06-20
82,701,91,active,89,2018-06-21,None,2021-01-26,2018-06-21
83,588,680,active,50,2018-04-15,None,2020-09-12,2018-04-15
84,595,921,inactive,0,2019-02-22,None,2022-08-03,2019-02-22
85,813,224,inactive,0,2018-08-23,None,2020-12-10,2018-08-23
86,927,40,active,44,2018-07-20,None,2019-03-24,2018-07-20
87,453,751,inactive,0,2018-04-27,None,2019-05-31,2018-04-27
88,993,674,inactive,0,2018-10-03,None,2021-09-23,2018-10-03
89,34,858,inactive,0,2019-03-14,None,2020-03-22,2019-03-14
90,588,749,inactive,0,2019-01-18,None,2020-01-21,2019-01-18
91,353,15,inactive,0,2018-10-01,None,2019-07-12,2018-10-01
92,689,734,active,89,2019-07-11,None,2018-07-23,2019-07-11
93,306,387,active,74,2019-02-22,None,2018-01-31,2019-02-22
94,598,976,inactive,0,2018-02-22,None,2020-04-12,2018-02-22
95,336,41,inactive,0,2018-06-07,None,2019-03-31,2018-06-07
96,738,397,inactive,0,2019-01-23,None,2018-10-03,2019-01-23
97,963,868,active,3,2018-10-19,None,2019-01-29,2018-10-19
98,378,60,inactive,0,2018-06-06,None,2018-01-12,2018-06-06
99,333,606,inactive,0,2019-01-03,None,2022-01-17,2019-01-03
100,672,852,active,82,2019-02-13,None,2021-09-08,2019-02-13
101,203,428,active,37,2018-06-18,None,2019-02-06,2018-06-18
102,83,433,inactive,0,2019-01-21,None,2018-05-14,2019-01-21
103,646,179,active,77,2018-10-30,None,2018-05-19,2018-10-30
104,872,578,inactive,0,2019-04-29,None,2019-07-20,2019-04-29
105,553,382,active,1,2018-09-12,None,2018-07-25,2018-09-12
106,395,534,active,23,2019-07-17,None,2018-11-15,2019-07-17
107,470,138,active,36,2019-03-04,None,2019-01-02,2019-03-04
108,321,820,active,42,2018-01-16,None,2021-08-07,2018-01-16
109,858,445,inactive,0,2019-03-04,None,2019-01-06,2019-03-04
110,673,603,inactive,0,2018-12-07,None,2018-01-15,2018-12-07
111,320,965,active,4,2018-11-11,None,2018-05-25,2018-11-11
112,247,457,inactive,0,2019-06-12,None,2019-11-23,2019-06-12
113,525,838,active,35,2018-02-01,None,2018-03-16,2018-02-01
114,339,538,inactive,0,2019-05-31,None,2022-05-03,2019-05-31
115,806,250,active,7,2018-09-14,None,2019-09-02,2018-09-14
116,800,124,active,48,2018-04-13,None,2022-03-11,2018-04-13
117,857,902,active,38,2018-02-11,None,2019-10-01,2018-02-11
118,203,809,active,95,2019-07-29,None,2018-11-24,2019-07-29
119,439,235,active,93,2018-02-15,None,2021-07-16,2018-02-15
120,608,512,active,73,2019-03-17,None,2018-05-06,2019-03-17
121,900,267,inactive,0,2019-05-13,None,2022-08-21,2019-05-13
122,307,609,active,41,2018-10-20,None,2022-05-04,2018-10-20
123,718,811,inactive,0,2018-04-08,None,2022-07-09,2018-04-08
124,930,845,active,77,2019-01-05,None,2021-09-18,2019-01-05
125,446,541,active,39,2018-11-29,None,2021-12-04,2018-11-29
126,42,859,active,92,2019-04-24,None,2021-11-09,2019-04-24
127,833,779,active,6,2018-05-01,None,2021-02-06,2018-05-01
128,535,223,inactive,0,2019-01-01,None,2020-07-24,2019-01-01
129,825,155,inactive,0,2019-01-02,None,2019-04-25,2019-01-02
130,438,680,inactive,0,2019-05-25,None,2019-08-21,2019-05-25
131,61,36,inactive,0,2018-10-11,None,2020-12-14,2018-10-11
132,385,218,active,51,2018-08-08,None,2021-08-16,2018-08-08
133,937,624,inactive,0,2018-05-19,None,2018-09-19,2018-05-19
134,369,213,active,59,2019-03-12,None,2021-06-22,2019-03-12
135,517,79,active,91,2019-03-29,None,2022-08-19,2019-03-29
136,548,140,inactive,0,2018-12-01,None,2019-07-13,2018-12-01
137,566,93,inactive,0,2018-02-20,None,2021-02-18,2018-02-20
138,225,67,inactive,0,2019-02-26,None,2020-02-16,2019-02-26
139,498,443,active,76,2018-11-29,None,2019-03-24,2018-11-29
140,843,892,active,100,2018-10-18,2018-10-18,2021-07-25,2018-10-18
141,840,544,inactive,0,2018-08-16,None,2021-05-16,2018-08-16
142,504,502,inactive,0,2018-04-13,None,2019-06-15,2018-04-13
143,916,104,active,53,2018-03-25,None,2021-02-23,2018-03-25
144,350,133,inactive,0,2018-04-30,None,2022-06-20,2018-04-30
145,735,829,active,17,2018-05-08,None,2018-04-06,2018-05-08
146,17,17,inactive,0,2019-06-29,None,2018-01-08,2019-06-29
147,517,711,active,35,2018-11-26,None,2022-05-14,2018-11-26
148,71,154,active,50,2018-12-23,None,2020-01-03,2018-12-23
149,409,564,inactive,0,2018-04-23,None,2020-03-06,2018-04-23
150,250,162,active,96,2019-03-19,None,2021-01-12,2019-03-19
151,972,794,inactive,0,2018-03-25,None,2019-09-07,2018-03-25
152,135,868,inactive,0,2018-04-14,None,2019-05-23,2018-04-14
153,509,235,active,91,2018-05-23,None,2019-11-28,2018-05-23
154,689,137,inactive,0,2018-03-09,None,2021-10-03,2018-03-09
155,297,889,inactive,0,2019-03-13,None,2021-04-17,2019-03-13
156,960,92,inactive,0,2018-09-30,None,2021-11-07,2018-09-30
157,988,16,inactive,0,2019-02-23,None,2019-11-05,2019-02-23
158,9,369,inactive,0,2019-01-28,None,2018-04-08,2019-01-28
159,833,71,inactive,0,2018-04-25,None,2022-03-11,2018-04-25
160,972,254,inactive,0,2018-08-13,None,2021-10-20,2018-08-13
161,39,452,active,95,2019-03-18,None,2020-01-18,2019-03-18
162,798,766,inactive,0,2018-01-01,None,2022-01-01,2018-01-01
163,373,445,inactive,0,2018-03-04,None,2019-06-22,2018-03-04
164,132,520,active,6,2019-01-10,None,2020-02-01,2019-01-10
165,597,285,active,37,2018-01-24,None,2021-10-13,2018-01-24
166,612,833,inactive,0,2018-11-02,None,2019-11-08,2018-11-02
167,806,899,inactive,0,2019-02-23,None,2019-02-15,2019-02-23
168,293,182,inactive,0,2018-06-29,None,2018-03-30,2018-06-29
169,392,170,active,21,2018-08-16,None,2018-03-26,2018-08-16
170,768,674,active,77,2018-06-27,None,2020-07-11,2018-06-27
171,45,753,active,82,2019-04-28,None,2019-01-02,2019-04-28
172,806,177,inactive,0,2019-02-24,None,2021-09-03,2019-02-24
173,917,624,inactive,0,2018-05-17,None,2021-08-27,2018-05-17
174,263,31,inactive,0,2019-07-13,None,2019-12-31,2019-07-13
175,226,367,active,84,2019-07-07,None,2018-06-14,2019-07-07
176,816,557,active,57,2018-07-20,None,2018-05-10,2018-07-20
177,961,268,active,57,2019-01-02,None,2018-10-12,2019-01-02
178,974,416,active,42,2018-09-04,None,2019-01-28,2018-09-04
179,508,204,inactive,0,2019-03-20,None,2022-03-11,2019-03-20
180,227,736,active,28,2018-12-18,None,2021-06-30,2018-12-18
181,69,977,active,100,2018-10-16,2018-10-16,2022-06-20,2018-10-16
182,261,552,inactive,0,2018-05-16,None,2019-05-07,2018-05-16
183,36,510,inactive,0,2018-11-12,None,2020-04-29,2018-11-12
184,797,344,active,16,2019-05-29,None,2019-05-18,2019-05-29
185,786,772,active,79,2018-10-25,None,2019-11-26,2018-10-25
186,187,573,inactive,0,2018-08-03,None,2020-03-13,2018-08-03
187,920,197,inactive,0,2018-05-14,None,2021-08-21,2018-05-14
188,125,608,active,23,2018-10-26,None,2021-01-01,2018-10-26
189,540,178,active,81,2019-04-19,None,2020-07-02,2019-04-19
190,197,369,inactive,0,2019-03-16,None,2018-10-24,2019-03-16
191,670,86,active,27,2019-02-03,None,2019-10-15,2019-02-03
192,255,565,active,1,2018-05-12,None,2019-02-19,2018-05-12
193,346,975,active,69,2019-07-10,None,2021-05-13,2019-07-10
194,635,441,active,34,2019-05-20,None,2020-10-31,2019-05-20
195,544,786,inactive,0,2019-05-23,None,2020-11-25,2019-05-23
196,330,506,active,87,2018-09-19,None,2020-07-07,2018-09-19
197,420,882,active,72,2018-05-29,None,2018-10-28,2018-05-29
198,272,472,active,31,2018-10-07,None,2018-07-13,2018-10-07
199,159,413,active,95,2018-06-18,None,2019-04-13,2018-06-18
200,237,699,active,66,2019-06-20,None,2021-05-12,2019-06-20
201,511,290,active,66,2018-02-03,None,2020-07-18,2018-02-03
202,367,752,inactive,0,2018-11-03,None,2021-08-02,2018-11-03
203,894,191,inactive,0,2019-05-05,None,2022-03-31,2019-05-05
204,614,495,active,29,2018-07-05,None,2019-06-05,2018-07-05
205,416,784,inactive,0,2019-04-08,None,2020-03-12,2019-04-08
206,858,486,active,29,2018-11-11,None,2021-08-09,2018-11-11
207,970,97,inactive,0,2019-06-26,None,2020-08-28,2019-06-26
208,3,101,active,61,2018-09-24,None,2021-06-27,2018-09-24
209,282,783,active,30,2018-05-03,None,2019-12-12,2018-05-03
210,121,869,active,71,2018-02-10,None,2020-02-02,2018-02-10
211,106,954,active,60,2018-05-03,None,2019-07-17,2018-05-03
212,635,505,inactive,0,2019-03-12,None,2018-11-15,2019-03-12
213,405,815,active,9,2018-10-02,None,2021-12-05,2018-10-02
214,352,903,active,73,2018-05-31,None,2020-01-13,2018-05-31
215,730,117,inactive,0,2019-03-15,None,2021-12-19,2019-03-15
216,73,730,active,23,2019-05-26,None,2021-06-09,2019-05-26
217,933,454,active,42,2019-03-31,None,2021-02-14,2019-03-31
218,67,277,active,86,2018-02-03,None,2019-08-01,2018-02-03
219,273,149,active,88,2018-08-14,None,2020-07-09,2018-08-14
220,178,599,inactive,0,2018-01-22,None,2022-05-22,2018-01-22
221,18,108,inactive,0,2019-04-02,None,2020-12-16,2019-04-02
222,554,126,inactive,0,2018-04-17,None,2020-11-19,2018-04-17
223,390,596,inactive,0,2018-03-26,None,2019-10-25,2018-03-26
224,997,933,active,96,2018-03-15,None,2018-05-14,2018-03-15
225,600,200,active,63,2018-09-02,None,2018-02-06,2018-09-02
226,158,948,inactive,0,2019-06-29,None,2020-05-08,2019-06-29
227,274,121,active,67,2018-09-06,None,2020-07-24,2018-09-06
228,248,256,inactive,0,2019-04-12,None,2018-02-20,2019-04-12
229,501,274,inactive,0,2019-06-12,None,2019-10-01,2019-06-12
230,489,427,inactive,0,2019-03-12,None,2022-01-07,2019-03-12
231,835,66,active,12,2018-06-29,None,2021-02-15,2018-06-29
232,338,235,active,38,2018-08-18,None,2022-05-06,2018-08-18
233,34,871,active,92,2018-08-11,None,2022-02-18,2018-08-11
234,953,797,inactive,0,2018-02-18,None,2020-09-03,2018-02-18
235,208,375,active,9,2019-07-10,None,2018-08-23,2019-07-10
236,121,556,active,91,2019-04-02,None,2021-01-07,2019-04-02
237,833,291,active,90,2019-04-21,None,2020-09-22,2019-04-21
238,930,259,active,55,2018-10-17,None,2019-12-10,2018-10-17
239,646,971,active,55,2018-12-25,None,2020-03-09,2018-12-25
240,837,644,inactive,0,2018-11-02,None,2022-08-02,2018-11-02
241,147,454,active,78,2019-05-04,None,2020-02-16,2019-05-04
242,373,529,active,30,2018-08-10,None,2022-05-09,2018-08-10
243,677,789,active,27,2019-04-12,None,2019-05-05,2019-04-12
244,134,573,active,1,2018-07-24,None,2020-11-19,2018-07-24
245,310,974,inactive,0,2018-01-06,None,2022-04-03,2018-01-06
246,915,430,inactive,0,2018-05-07,None,2018-04-12,2018-05-07
247,258,354,inactive,0,2018-10-02,None,2018-09-28,2018-10-02
248,272,193,inactive,0,2018-11-07,None,2018-03-17,2018-11-07
249,822,501,active,52,2019-02-22,None,2019-03-21,2019-02-22
250,592,936,active,57,2018-08-02,None,2018-08-04,2018-08-02
251,295,866,inactive,0,2018-06-04,None,2022-01-03,2018-06-04
252,800,312,inactive,0,2018-08-30,None,2022-01-15,2018-08-30
253,487,51,inactive,0,2018-09-29,None,2019-07-24,2018-09-29
254,733,386,inactive,0,2019-07-30,None,2022-06-13,2019-07-30
255,141,882,inactive,0,2019-05-10,None,2018-02-05,2019-05-10
256,722,928,active,62,2019-05-28,None,2019-05-16,2019-05-28
257,425,592,inactive,0,2018-04-07,None,2019-11-17,2018-04-07
258,811,716,inactive,0,2018-09-04,None,2020-10-27,2018-09-04
259,69,384,inactive,0,2019-02-11,None,2018-08-14,2019-02-11
260,707,131,inactive,0,2019-05-07,None,2019-02-21,2019-05-07
261,122,355,active,40,2018-11-30,None,2021-01-12,2018-11-30
262,151,453,inactive,0,2019-04-28,None,2018-06-03,2019-04-28
263,266,738,active,8,2018-02-11,None,2021-08-10,2018-02-11
264,141,912,active,3,2018-12-03,None,2019-01-12,2018-12-03
265,877,527,active,3,2019-01-04,None,2020-04-17,2019-01-04
266,220,990,active,1,2019-06-17,None,2020-04-11,2019-06-17
267,388,437,active,20,2019-03-10,None,2019-12-24,2019-03-10
268,166,551,inactive,0,2018-11-30,None,2020-03-13,2018-11-30
269,756,895,active,17,2019-07-21,None,2021-12-19,2019-07-21
270,446,167,inactive,0,2018-05-04,None,2018-06-30,2018-05-04
271,19,652,inactive,0,2018-10-16,None,2020-01-23,2018-10-16
272,809,578,inactive,0,2018-03-08,None,2020-01-19,2018-03-08
273,216,502,inactive,0,2018-11-29,None,2019-11-05,2018-11-29
274,282,361,inactive,0,2018-10-09,None,2022-04-07,2018-10-09
275,513,963,active,32,2018-12-08,None,2021-11-08,2018-12-08
276,672,753,active,41,2018-09-09,None,2018-02-20,2018-09-09
277,615,918,active,69,2019-06-06,None,2018-06-26,2019-06-06
278,839,63,active,28,2018-03-16,None,2018-03-21,2018-03-16
279,249,646,active,50,2018-09-17,None,2022-07-05,2018-09-17
280,349,595,inactive,0,2019-04-30,None,2022-08-01,2019-04-30
281,85,928,inactive,0,2018-05-09,None,2019-03-10,2018-05-09
282,231,566,inactive,0,2019-01-01,None,2019-06-14,2019-01-01
283,96,636,active,2,2019-06-09,None,2018-05-15,2019-06-09
284,673,999,active,99,2019-07-28,None,2019-05-03,2019-07-28
285,75,66,active,92,2018-10-30,None,2019-10-27,2018-10-30
286,44,86,inactive,0,2018-11-19,None,2019-04-02,2018-11-19
287,860,648,active,68,2018-10-06,None,2021-10-10,2018-10-06
288,986,884,inactive,0,2018-08-03,None,2020-10-08,2018-08-03
289,740,575,inactive,0,2018-10-28,None,2018-10-07,2018-10-28
290,527,802,active,9,2018-01-08,None,2022-05-22,2018-01-08
291,824,448,inactive,0,2019-07-25,None,2018-12-25,2019-07-25
292,89,531,active,43,2018-10-22,None,2021-05-14,2018-10-22
293,628,806,active,29,2019-03-26,None,2020-09-30,2019-03-26
294,582,685,active,43,2018-03-26,None,2019-02-26,2018-03-26
295,873,501,inactive,0,2019-06-08,None,2020-08-10,2019-06-08
296,758,323,active,28,2019-05-25,None,2019-09-10,2019-05-25
297,297,444,active,89,2018-03-25,None,2020-02-21,2018-03-25
298,332,817,active,77,2019-01-19,None,2019-10-29,2019-01-19
299,250,326,inactive,0,2018-07-22,None,2021-12-23,2018-07-22
300,53,805,active,58,2018-05-25,None,2019-10-06,2018-05-25
301,338,62,inactive,0,2018-10-08,None,2022-03-02,2018-10-08
302,51,237,active,100,2018-12-15,2018-12-15,2021-04-27,2018-12-15
303,204,571,active,36,2018-04-05,None,2021-10-07,2018-04-05
304,170,800,inactive,0,2018-05-12,None,2018-12-07,2018-05-12
305,189,940,active,83,2018-09-29,None,2021-05-25,2018-09-29
306,376,513,active,9,2019-06-04,None,2019-01-24,2019-06-04
307,340,605,active,70,2018-07-10,None,2021-03-05,2018-07-10
308,697,338,inactive,0,2018-08-12,None,2021-01-04,2018-08-12
309,649,598,active,36,2019-04-19,None,2018-07-07,2019-04-19
310,793,420,inactive,0,2018-01-15,None,2018-01-21,2018-01-15
311,40,147,inactive,0,2018-07-23,None,2022-02-01,2018-07-23
312,935,544,active,6,2018-11-28,None,2018-04-12,2018-11-28
313,40,817,active,36,2018-11-21,None,2020-05-03,2018-11-21
314,411,885,active,65,2018-03-01,None,2022-01-14,2018-03-01
315,568,404,active,76,2018-10-24,None,2019-12-07,2018-10-24
316,242,901,inactive,0,2018-07-08,None,2019-07-26,2018-07-08
317,135,895,inactive,0,2018-06-05,None,2021-02-14,2018-06-05
318,583,454,active,70,2019-07-11,None,2018-07-12,2019-07-11
319,358,657,inactive,0,2018-05-10,None,2018-04-05,2018-05-10
320,57,527,active,57,2019-07-12,None,2019-06-21,2019-07-12
321,928,851,active,61,2019-02-04,None,2022-07-09,2019-02-04
322,213,8,inactive,0,2018-12-06,None,2018-01-14,2018-12-06
323,578,914,active,45,2018-07-12,None,2019-09-09,2018-07-12
324,557,618,active,64,2019-02-03,None,2019-11-12,2019-02-03
325,60,899,inactive,0,2018-01-31,None,2021-11-13,2018-01-31
326,781,564,active,11,2019-01-01,None,2022-07-07,2019-01-01
327,273,846,active,60,2019-03-29,None,2019-04-15,2019-03-29
328,48,771,inactive,0,2018-10-14,None,2021-11-30,2018-10-14
329,287,853,active,10,2019-01-27,None,2021-04-03,2019-01-27
330,8,814,active,48,2018-02-09,None,2022-03-28,2018-02-09
331,783,728,active,76,2019-07-14,None,2018-01-09,2019-07-14
332,370,153,inactive,0,2018-06-21,None,2019-03-26,2018-06-21
333,291,147,inactive,0,2019-04-26,None,2021-12-16,2019-04-26
334,451,449,inactive,0,2019-07-28,None,2020-10-14,2019-07-28
335,716,675,active,30,2018-09-18,None,2022-04-14,2018-09-18
336,980,407,inactive,0,2018-05-31,None,2021-04-22,2018-05-31
337,522,200,active,20,2018-03-26,None,2022-04-30,2018-03-26
338,98,558,active,74,2019-04-26,None,2022-03-10,2019-04-26
339,94,901,inactive,0,2018-07-06,None,2021-09-05,2018-07-06
340,452,446,active,35,2018-04-30,None,2022-05-12,2018-04-30
341,787,263,active,13,2019-02-14,None,2018-03-02,2019-02-14
342,264,599,active,95,2018-03-08,None,2018-08-02,2018-03-08
343,722,607,active,95,2018-01-29,None,2020-04-22,2018-01-29
344,854,946,inactive,0,2018-12-10,None,2020-04-09,2018-12-10
345,517,231,inactive,0,2018-07-06,None,2018-06-02,2018-07-06
346,137,9,inactive,0,2018-02-01,None,2020-07-13,2018-02-01
347,500,445,inactive,0,2018-10-02,None,2018-01-28,2018-10-02
348,472,722,inactive,0,2019-02-15,None,2022-06-04,2019-02-15
349,164,262,inactive,0,2018-06-22,None,2018-08-07,2018-06-22
350,332,295,inactive,0,2018-06-17,None,2020-03-09,2018-06-17
351,918,209,inactive,0,2019-07-08,None,2019-12-06,2019-07-08
352,66,309,active,21,2018-05-24,None,2020-12-03,2018-05-24
353,907,576,active,25,2018-09-20,None,2019-12-27,2018-09-20
354,874,183,inactive,0,2019-03-12,None,2018-06-16,2019-03-12
355,307,876,inactive,0,2018-06-15,None,2022-02-02,2018-06-15
356,852,648,active,15,2018-04-27,None,2019-12-08,2018-04-27
357,787,634,inactive,0,2018-02-15,None,2021-03-18,2018-02-15
358,402,582,active,61,2018-01-25,None,2018-11-14,2018-01-25
359,889,160,inactive,0,2018-01-25,None,2020-07-05,2018-01-25
360,869,579,active,36,2019-07-03,None,2021-05-28,2019-07-03
361,525,57,active,59,2019-02-19,None,2022-07-01,2019-02-19
362,473,255,inactive,0,2018-02-10,None,2021-12-16,2018-02-10
363,229,675,active,67,2019-01-01,None,2019-08-24,2019-01-01
364,709,62,active,95,2018-04-29,None,2020-07-12,2018-04-29
365,225,10,inactive,0,2019-03-28,None,2021-08-23,2019-03-28
366,777,770,inactive,0,2018-05-14,None,2021-05-10,2018-05-14
367,380,836,inactive,0,2018-09-16,None,2020-11-17,2018-09-16
368,109,700,active,68,2019-07-27,None,2019-09-11,2019-07-27
369,147,991,active,93,2019-04-19,None,2019-04-13,2019-04-19
370,375,136,active,45,2019-01-28,None,2019-08-04,2019-01-28
371,671,810,inactive,0,2019-04-26,None,2019-05-23,2019-04-26
372,230,224,inactive,0,2019-05-21,None,2022-04-30,2019-05-21
373,83,802,active,37,2019-06-22,None,2018-10-21,2019-06-22
374,458,179,active,99,2019-05-03,None,2022-07-04,2019-05-03
375,319,889,inactive,0,2018-03-02,None,2022-06-11,2018-03-02
376,538,935,active,74,2019-02-24,None,2018-01-09,2019-02-24
377,605,595,active,19,2019-01-17,None,2018-09-20,2019-01-17
378,405,673,inactive,0,2019-06-26,None,2021-03-06,2019-06-26
379,662,429,inactive,0,2019-05-17,None,2019-04-29,2019-05-17
380,831,635,active,23,2018-05-26,None,2018-03-18,2018-05-26
381,405,549,active,58,2019-05-29,None,2022-07-11,2019-05-29
382,438,744,inactive,0,2018-01-10,None,2018-09-25,2018-01-10
383,258,683,inactive,0,2019-01-23,None,2020-06-24,2019-01-23
384,661,339,inactive,0,2018-07-30,None,2018-07-15,2018-07-30
385,505,784,inactive,0,2018-02-06,None,2019-08-11,2018-02-06
386,241,986,active,31,2018-10-18,None,2021-12-02,2018-10-18
387,920,662,active,57,2019-07-05,None,2021-06-04,2019-07-05
388,986,987,active,78,2019-04-20,None,2021-03-26,2019-04-20
389,665,259,active,47,2018-09-02,None,2020-03-04,2018-09-02
390,574,936,inactive,0,2019-06-19,None,2021-10-05,2019-06-19
391,379,732,active,79,2019-03-24,None,2019-11-10,2019-03-24
392,65,335,active,61,2018-04-19,None,2021-11-01,2018-04-19
393,794,948,inactive,0,2018-10-18,None,2021-04-27,2018-10-18
394,18,501,active,3,2019-01-17,None,2018-07-30,2019-01-17
395,265,355,active,1,2019-04-04,None,2022-04-21,2019-04-04
396,473,600,active,77,2018-02-10,None,2021-05-03,2018-02-10
397,33,150,active,40,2018-09-17,None,2020-08-11,2018-09-17
398,121,646,active,26,2018-12-29,None,2021-01-10,2018-12-29
399,772,580,inactive,0,2019-07-06,None,2020-01-04,2019-07-06
400,443,755,active,29,2018-07-06,None,2020-05-06,2018-07-06
401,135,908,active,68,2019-03-24,None,2021-02-17,2019-03-24
402,675,730,active,12,2018-04-24,None,2022-01-06,2018-04-24
403,484,722,inactive,0,2018-01-31,None,2019-10-26,2018-01-31
404,831,653,active,58,2018-06-14,None,2022-05-24,2018-06-14
405,485,580,active,32,2018-01-31,None,2020-04-14,2018-01-31
406,631,846,active,36,2018-08-22,None,2019-12-02,2018-08-22
407,206,39,active,92,2018-01-06,None,2020-02-07,2018-01-06
408,1000,88,inactive,0,2018-11-26,None,2019-05-02,2018-11-26
409,435,796,active,37,2018-03-28,None,2019-05-12,2018-03-28
410,199,609,inactive,0,2019-06-18,None,2022-06-13,2019-06-18
411,710,274,inactive,0,2018-03-24,None,2019-12-18,2018-03-24
412,949,877,inactive,0,2019-03-07,None,2020-09-25,2019-03-07
413,577,970,inactive,0,2018-02-09,None,2019-11-14,2018-02-09
414,278,810,active,7,2019-05-23,None,2019-04-08,2019-05-23
415,62,465,active,61,2018-07-31,None,2020-08-11,2018-07-31
416,181,886,active,78,2018-07-26,None,2022-08-19,2018-07-26
417,630,890,inactive,0,2018-09-05,None,2019-07-29,2018-09-05
418,957,786,inactive,0,2019-04-10,None,2022-06-28,2019-04-10
419,693,635,inactive,0,2019-05-17,None,2020-04-02,2019-05-17
420,947,1,inactive,0,2018-01-27,None,2021-08-09,2018-01-27
421,338,379,inactive,0,2019-03-19,None,2021-02-28,2019-03-19
422,121,266,active,39,2019-05-20,None,2020-11-08,2019-05-20
423,96,225,active,17,2018-09-09,None,2020-05-20,2018-09-09
424,839,766,inactive,0,2018-08-20,None,2018-01-05,2018-08-20
425,413,939,inactive,0,2018-03-10,None,2021-10-19,2018-03-10
426,552,660,inactive,0,2018-12-28,None,2021-06-10,2018-12-28
427,349,879,active,10,2019-07-13,None,2019-07-24,2019-07-13
428,673,208,active,72,2018-03-26,None,2022-08-13,2018-03-26
429,578,314,active,96,2019-01-09,None,2020-01-26,2019-01-09
430,606,244,active,92,2018-04-01,None,2022-08-15,2018-04-01
431,129,326,inactive,0,2018-07-27,None,2020-09-15,2018-07-27
432,417,829,active,3,2018-02-11,None,2019-02-26,2018-02-11
433,196,993,active,43,2019-06-19,None,2018-12-13,2019-06-19
434,657,612,inactive,0,2018-04-12,None,2021-10-07,2018-04-12
435,459,70,active,18,2018-05-13,None,2021-09-14,2018-05-13
436,100,369,active,85,2019-02-19,None,2020-08-05,2019-02-19
437,979,46,inactive,0,2019-07-16,None,2020-11-29,2019-07-16
438,398,618,active,40,2019-03-27,None,2021-05-12,2019-03-27
439,562,361,active,21,2018-07-11,None,2018-01-09,2018-07-11
440,825,585,inactive,0,2018-12-20,None,2022-04-02,2018-12-20
441,873,231,inactive,0,2019-05-26,None,2020-08-01,2019-05-26
442,464,167,active,48,2019-05-02,None,2020-01-14,2019-05-02
443,805,268,inactive,0,2018-08-18,None,2021-09-16,2018-08-18
444,139,345,active,54,2018-09-25,None,2022-08-05,2018-09-25
445,292,95,inactive,0,2019-04-15,None,2019-05-31,2019-04-15
446,136,276,inactive,0,2018-12-13,None,2022-01-26,2018-12-13
447,576,334,inactive,0,2018-07-09,None,2018-05-08,2018-07-09
448,953,1,active,36,2019-01-23,None,2021-07-01,2019-01-23
449,320,948,inactive,0,2019-03-23,None,2021-03-02,2019-03-23
450,510,194,active,63,2018-03-16,None,2018-05-28,2018-03-16
451,97,775,inactive,0,2018-06-07,None,2021-05-13,2018-06-07
452,599,750,active,75,2018-02-21,None,2021-07-06,2018-02-21
453,639,933,active,29,2018-10-16,None,2019-03-02,2018-10-16
454,368,589,active,21,2019-07-02,None,2020-09-01,2019-07-02
455,663,648,active,6,2019-03-14,None,2020-01-05,2019-03-14
456,41,900,inactive,0,2019-02-10,None,2019-12-02,2019-02-10
457,699,42,inactive,0,2019-01-12,None,2021-12-18,2019-01-12
458,323,401,active,53,2019-07-02,None,2022-07-21,2019-07-02
459,552,484,active,85,2018-09-13,None,2021-10-22,2018-09-13
460,533,424,active,9,2018-08-24,None,2020-08-06,2018-08-24
461,776,812,active,2,2018-07-11,None,2022-02-07,2018-07-11
462,247,607,inactive,0,2018-12-08,None,2018-05-12,2018-12-08
463,953,262,inactive,0,2019-02-25,None,2018-02-03,2019-02-25
464,729,466,inactive,0,2019-06-18,None,2021-04-01,2019-06-18
465,192,544,active,27,2019-02-23,None,2018-09-14,2019-02-23
466,234,535,active,89,2019-02-16,None,2019-02-13,2019-02-16
467,404,263,active,89,2019-05-26,None,2021-01-31,2019-05-26
468,794,573,inactive,0,2018-10-06,None,2020-10-27,2018-10-06
469,944,836,inactive,0,2018-01-09,None,2021-05-27,2018-01-09
470,319,430,active,30,2018-07-24,None,2020-02-01,2018-07-24
471,135,451,inactive,0,2018-11-29,None,2018-10-07,2018-11-29
472,247,435,inactive,0,2018-10-09,None,2021-04-11,2018-10-09
473,849,747,active,5,2019-07-20,None,2019-06-30,2019-07-20
474,63,329,inactive,0,2019-03-17,None,2020-08-27,2019-03-17
475,913,558,inactive,0,2018-09-28,None,2018-11-02,2018-09-28
476,691,525,inactive,0,2018-09-25,None,2018-03-18,2018-09-25
477,207,96,active,98,2018-11-20,None,2020-10-25,2018-11-20
478,96,630,active,79,2018-09-10,None,2022-03-06,2018-09-10
479,462,481,inactive,0,2019-07-26,None,2020-03-23,2019-07-26
480,655,416,inactive,0,2019-02-23,None,2018-03-16,2019-02-23
481,850,22,inactive,0,2019-07-04,None,2019-02-17,2019-07-04
482,210,61,active,10,2019-05-28,None,2021-10-26,2019-05-28
483,470,380,active,54,2018-01-08,None,2019-10-14,2018-01-08
484,273,920,active,83,2018-04-07,None,2018-07-31,2018-04-07
485,645,852,inactive,0,2018-05-29,None,2021-01-19,2018-05-29
486,652,482,active,93,2018-11-06,None,2018-02-22,2018-11-06
487,884,310,inactive,0,2019-02-18,None,2022-02-12,2019-02-18
488,611,997,inactive,0,2018-06-12,None,2021-03-18,2018-06-12
489,606,297,active,13,2018-05-13,None,2019-03-19,2018-05-13
490,456,838,active,50,2019-05-11,None,2021-04-05,2019-05-11
491,976,448,inactive,0,2018-08-26,None,2021-10-08,2018-08-26
492,129,515,inactive,0,2019-06-21,None,2020-11-17,2019-06-21
493,457,160,inactive,0,2018-02-26,None,2018-01-25,2018-02-26
494,519,656,inactive,0,2018-04-10,None,2021-09-07,2018-04-10
495,707,799,active,15,2019-03-23,None,2020-03-04,2019-03-23
496,976,706,inactive,0,2019-05-16,None,2019-07-09,2019-05-16
497,520,626,active,95,2018-08-30,None,2021-06-05,2018-08-30
498,937,304,active,61,2018-05-10,None,2022-05-06,2018-05-10
499,624,268,inactive,0,2019-03-11,None,2019-12-06,2019-03-11
500,149,621,inactive,0,2018-10-11,None,2022-03-03,2018-10-11
501,72,402,active,72,2018-12-04,None,2020-03-18,2018-12-04
502,583,865,inactive,0,2018-10-20,None,2018-01-15,2018-10-20
503,754,656,inactive,0,2018-08-12,None,2022-02-28,2018-08-12
504,368,286,inactive,0,2018-07-01,None,2021-05-04,2018-07-01
505,198,298,active,31,2018-10-04,None,2018-08-22,2018-10-04
506,382,8,inactive,0,2018-01-14,None,2018-12-04,2018-01-14
507,737,319,inactive,0,2018-04-18,None,2019-06-04,2018-04-18
508,860,619,active,90,2019-02-08,None,2020-12-23,2019-02-08
509,172,378,active,29,2018-01-21,None,2021-09-21,2018-01-21
510,582,118,inactive,0,2019-06-09,None,2020-10-02,2019-06-09
511,723,686,inactive,0,2018-04-26,None,2021-02-13,2018-04-26
512,5,623,inactive,0,2018-11-29,None,2021-06-22,2018-11-29
513,599,917,active,21,2019-02-04,None,2018-10-16,2019-02-04
514,534,715,inactive,0,2018-02-11,None,2021-04-08,2018-02-11
515,184,364,inactive,0,2019-03-04,None,2018-12-15,2019-03-04
516,396,792,active,82,2019-07-18,None,2021-03-15,2019-07-18
517,47,14,inactive,0,2018-09-10,None,2022-01-17,2018-09-10
518,488,509,active,66,2019-02-06,None,2022-04-02,2019-02-06
519,153,369,active,40,2019-01-13,None,2020-12-29,2019-01-13
520,148,669,inactive,0,2018-06-19,None,2020-04-25,2018-06-19
521,216,717,active,82,2019-03-28,None,2022-03-22,2019-03-28
522,568,819,active,22,2018-04-17,None,2018-05-15,2018-04-17
523,641,766,active,96,2018-08-25,None,2022-04-01,2018-08-25
524,441,75,inactive,0,2018-01-04,None,2018-02-13,2018-01-04
525,900,203,inactive,0,2018-05-10,None,2019-07-14,2018-05-10
526,684,535,active,69,2019-06-10,None,2018-03-18,2019-06-10
527,16,869,inactive,0,2018-10-20,None,2022-07-01,2018-10-20
528,203,334,inactive,0,2019-05-10,None,2020-10-29,2019-05-10
529,770,214,active,40,2018-08-21,None,2021-08-28,2018-08-21
530,416,555,active,62,2018-06-21,None,2018-03-11,2018-06-21
531,104,704,active,33,2019-03-20,None,2019-09-11,2019-03-20
532,239,164,inactive,0,2019-05-24,None,2021-05-15,2019-05-24
533,465,156,active,83,2018-02-21,None,2022-01-25,2018-02-21
534,107,801,inactive,0,2019-01-19,None,2020-07-18,2019-01-19
535,70,948,active,53,2019-01-06,None,2019-03-20,2019-01-06
536,241,211,active,5,2018-01-05,None,2021-10-07,2018-01-05
537,765,78,active,53,2018-03-26,None,2020-10-20,2018-03-26
538,963,135,inactive,0,2019-05-04,None,2019-04-25,2019-05-04
539,948,511,active,59,2018-11-30,None,2020-10-07,2018-11-30
540,522,154,active,95,2018-07-10,None,2018-07-12,2018-07-10
541,419,644,active,70,2019-01-01,None,2021-01-07,2019-01-01
542,29,578,active,33,2018-10-13,None,2020-07-05,2018-10-13
543,114,424,inactive,0,2019-06-08,None,2020-08-22,2019-06-08
544,330,322,active,43,2018-11-19,None,2019-03-23,2018-11-19
545,454,101,inactive,0,2018-07-03,None,2018-09-15,2018-07-03
546,235,191,active,30,2019-07-18,None,2018-06-06,2019-07-18
547,410,887,active,91,2018-10-30,None,2022-03-19,2018-10-30
548,893,699,active,18,2019-03-31,None,2020-09-21,2019-03-31
549,728,783,inactive,0,2018-02-24,None,2021-04-21,2018-02-24
550,6,831,inactive,0,2019-05-29,None,2021-06-08,2019-05-29
551,130,747,active,89,2018-01-04,None,2019-05-25,2018-01-04
552,59,532,active,27,2018-06-11,None,2021-10-06,2018-06-11
553,363,73,active,82,2018-08-06,None,2020-06-25,2018-08-06
554,395,314,inactive,0,2019-04-06,None,2020-04-17,2019-04-06
555,136,145,inactive,0,2018-02-06,None,2020-11-26,2018-02-06
556,460,593,inactive,0,2019-06-28,None,2019-11-12,2019-06-28
557,134,500,active,71,2019-05-22,None,2021-05-15,2019-05-22
558,788,881,inactive,0,2018-03-28,None,2021-07-26,2018-03-28
559,82,556,active,63,2018-07-23,None,2019-12-28,2018-07-23
560,755,372,inactive,0,2018-06-21,None,2018-05-04,2018-06-21
561,604,2,inactive,0,2019-02-18,None,2021-09-30,2019-02-18
562,205,260,inactive,0,2018-01-12,None,2021-03-24,2018-01-12
563,432,10,inactive,0,2018-10-05,None,2018-05-19,2018-10-05
564,842,330,inactive,0,2019-07-03,None,2019-03-09,2019-07-03
565,987,970,inactive,0,2018-05-13,None,2020-09-19,2018-05-13
566,789,462,active,58,2018-11-12,None,2021-05-11,2018-11-12
567,650,905,inactive,0,2019-07-16,None,2020-06-22,2019-07-16
568,595,445,active,73,2018-11-13,None,2019-12-08,2018-11-13
569,385,323,inactive,0,2018-02-23,None,2018-12-28,2018-02-23
570,27,980,active,39,2019-06-03,None,2018-03-02,2019-06-03
571,748,185,active,61,2019-05-26,None,2019-10-24,2019-05-26
572,611,406,inactive,0,2018-04-23,None,2021-05-03,2018-04-23
573,117,781,inactive,0,2018-11-01,None,2021-11-29,2018-11-01
574,422,817,inactive,0,2018-01-12,None,2019-07-23,2018-01-12
575,328,239,active,21,2019-06-22,None,2019-09-28,2019-06-22
576,165,288,active,88,2019-03-04,None,2019-08-23,2019-03-04
577,65,117,inactive,0,2018-11-06,None,2022-06-29,2018-11-06
578,464,566,inactive,0,2019-01-27,None,2019-06-01,2019-01-27
579,431,785,inactive,0,2018-01-22,None,2018-03-15,2018-01-22
580,31,494,active,100,2018-08-30,2018-08-30,2020-11-05,2018-08-30
581,896,33,inactive,0,2019-02-21,None,2018-07-26,2019-02-21
582,645,871,active,5,2018-11-07,None,2022-06-22,2018-11-07
583,553,209,inactive,0,2018-09-28,None,2022-07-21,2018-09-28
584,273,552,active,50,2019-03-10,None,2019-10-14,2019-03-10
585,863,947,inactive,0,2018-01-21,None,2018-01-03,2018-01-21
586,82,92,inactive,0,2018-11-14,None,2020-01-06,2018-11-14
587,829,875,inactive,0,2018-09-17,None,2020-06-23,2018-09-17
588,195,995,active,52,2019-06-14,None,2019-03-09,2019-06-14
589,143,307,inactive,0,2019-02-20,None,2022-07-28,2019-02-20
590,124,241,active,100,2018-01-27,2018-01-27,2022-05-28,2018-01-27
591,143,275,active,37,2019-04-04,None,2018-06-23,2019-04-04
592,704,62,inactive,0,2019-04-11,None,2020-09-11,2019-04-11
593,30,978,active,5,2019-07-13,None,2019-12-17,2019-07-13
594,884,766,active,2,2018-08-27,None,2021-09-21,2018-08-27
595,608,804,inactive,0,2018-01-31,None,2019-06-09,2018-01-31
596,586,778,active,1,2018-01-19,None,2018-07-19,2018-01-19
597,313,412,active,58,2018-06-16,None,2021-06-03,2018-06-16
598,58,958,inactive,0,2018-05-16,None,2021-03-16,2018-05-16
599,281,372,active,30,2018-01-12,None,2019-12-27,2018-01-12
600,244,378,inactive,0,2018-09-02,None,2019-12-14,2018-09-02
601,744,631,active,42,2018-06-01,None,2019-09-18,2018-06-01
602,912,85,inactive,0,2019-06-08,None,2018-07-03,2019-06-08
603,23,167,inactive,0,2019-04-28,None,2021-02-08,2019-04-28
604,180,655,active,51,2018-01-14,None,2018-11-16,2018-01-14
605,32,733,inactive,0,2018-03-15,None,2022-04-22,2018-03-15
606,508,806,inactive,0,2019-04-12,None,2019-04-09,2019-04-12
607,116,186,inactive,0,2018-05-01,None,2019-05-25,2018-05-01
608,675,728,inactive,0,2018-06-14,None,2018-11-16,2018-06-14
609,301,872,active,44,2019-01-21,None,2022-06-01,2019-01-21
610,908,353,inactive,0,2019-04-17,None,2019-04-02,2019-04-17
611,794,980,inactive,0,2018-02-06,None,2019-10-25,2018-02-06
612,996,161,inactive,0,2019-01-24,None,2019-05-29,2019-01-24
613,832,287,inactive,0,2019-04-23,None,2022-05-02,2019-04-23
614,843,417,active,76,2019-05-26,None,2022-02-12,2019-05-26
615,34,297,inactive,0,2018-07-03,None,2020-09-26,2018-07-03
616,367,467,active,72,2018-05-29,None,2022-07-01,2018-05-29
617,807,340,active,42,2018-06-25,None,2018-04-27,2018-06-25
618,148,295,inactive,0,2018-11-27,None,2019-10-07,2018-11-27
619,587,101,active,11,2018-11-30,None,2019-07-09,2018-11-30
620,887,812,inactive,0,2018-04-13,None,2020-05-16,2018-04-13
621,761,75,active,97,2018-01-16,None,2021-12-07,2018-01-16
622,181,238,inactive,0,2018-11-23,None,2022-04-21,2018-11-23
623,445,208,inactive,0,2019-01-19,None,2019-05-27,2019-01-19
624,514,134,active,24,2018-03-10,None,2020-03-25,2018-03-10
625,895,235,active,61,2018-08-28,None,2020-09-04,2018-08-28
626,55,258,active,23,2018-12-01,None,2020-07-24,2018-12-01
627,515,369,inactive,0,2018-03-22,None,2020-10-29,2018-03-22
628,893,440,active,89,2018-12-30,None,2021-02-21,2018-12-30
629,983,793,inactive,0,2018-07-26,None,2018-03-26,2018-07-26
630,904,421,inactive,0,2018-09-16,None,2019-11-11,2018-09-16
631,116,770,active,67,2018-04-04,None,2021-11-22,2018-04-04
632,980,106,inactive,0,2019-04-16,None,2018-12-02,2019-04-16
633,611,14,inactive,0,2018-06-09,None,2022-01-08,2018-06-09
634,794,126,active,50,2018-09-10,None,2018-12-06,2018-09-10
635,600,470,inactive,0,2018-05-19,None,2022-08-22,2018-05-19
636,991,142,inactive,0,2018-08-08,None,2019-07-08,2018-08-08
637,982,847,inactive,0,2019-06-20,None,2022-01-06,2019-06-20
638,236,931,active,55,2019-05-11,None,2019-05-30,2019-05-11
639,271,490,active,99,2018-10-22,None,2019-05-13,2018-10-22
640,824,837,inactive,0,2018-04-09,None,2021-10-15,2018-04-09
641,333,409,inactive,0,2018-10-26,None,2021-03-15,2018-10-26
642,984,982,inactive,0,2018-05-07,None,2021-11-23,2018-05-07
643,561,586,inactive,0,2018-02-27,None,2019-09-05,2018-02-27
644,254,206,active,28,2018-04-22,None,2022-03-11,2018-04-22
645,693,458,active,37,2018-08-03,None,2019-09-04,2018-08-03
646,757,248,inactive,0,2018-08-07,None,2020-05-10,2018-08-07
647,652,680,inactive,0,2019-03-10,None,2018-08-23,2019-03-10
648,822,309,inactive,0,2018-06-24,None,2019-04-29,2018-06-24
649,345,561,inactive,0,2019-02-05,None,2022-03-30,2019-02-05
650,715,985,active,15,2018-08-30,None,2019-04-22,2018-08-30
651,818,299,active,26,2018-06-17,None,2021-09-10,2018-06-17
652,829,674,active,60,2018-08-19,None,2022-07-04,2018-08-19
653,953,17,active,83,2018-11-02,None,2018-07-24,2018-11-02
654,441,712,active,44,2019-05-05,None,2021-05-31,2019-05-05
655,728,134,inactive,0,2018-11-08,None,2018-08-06,2018-11-08
656,975,271,active,14,2018-09-09,None,2022-04-13,2018-09-09
657,253,348,inactive,0,2018-11-24,None,2021-05-21,2018-11-24
658,561,214,active,92,2019-03-06,None,2020-11-28,2019-03-06
659,384,346,inactive,0,2018-12-05,None,2019-10-28,2018-12-05
660,164,66,active,18,2019-07-16,None,2021-05-27,2019-07-16
661,371,283,active,68,2018-03-01,None,2020-07-29,2018-03-01
662,811,460,active,15,2018-04-20,None,2018-12-09,2018-04-20
663,291,774,inactive,0,2018-02-15,None,2019-07-29,2018-02-15
664,300,762,inactive,0,2018-06-13,None,2020-04-19,2018-06-13
665,595,74,inactive,0,2019-02-03,None,2019-01-30,2019-02-03
666,984,165,active,99,2019-04-05,None,2020-04-26,2019-04-05
667,735,472,active,92,2019-04-01,None,2019-09-01,2019-04-01
668,21,352,active,64,2018-07-15,None,2020-03-19,2018-07-15
669,332,772,inactive,0,2019-05-07,None,2020-03-10,2019-05-07
670,797,523,inactive,0,2019-04-23,None,2018-05-20,2019-04-23
671,615,538,inactive,0,2019-07-15,None,2022-06-07,2019-07-15
672,958,817,inactive,0,2019-01-11,None,2022-02-12,2019-01-11
673,968,996,inactive,0,2018-01-22,None,2018-04-27,2018-01-22
674,805,244,active,46,2018-03-27,None,2018-08-27,2018-03-27
675,591,195,inactive,0,2018-12-05,None,2020-10-05,2018-12-05
676,955,308,active,8,2019-01-06,None,2019-03-15,2019-01-06
677,996,442,active,98,2018-01-24,None,2018-04-15,2018-01-24
678,755,608,inactive,0,2019-02-13,None,2021-10-04,2019-02-13
679,392,304,inactive,0,2018-09-29,None,2018-08-11,2018-09-29
680,829,603,inactive,0,2018-10-14,None,2022-05-05,2018-10-14
681,676,271,inactive,0,2018-08-27,None,2020-07-01,2018-08-27
682,718,109,active,40,2019-04-26,None,2019-12-07,2019-04-26
683,703,425,active,88,2019-06-22,None,2021-08-06,2019-06-22
684,187,363,inactive,0,2018-06-11,None,2019-11-24,2018-06-11
685,905,784,inactive,0,2018-07-14,None,2020-04-09,2018-07-14
686,838,614,inactive,0,2018-05-11,None,2019-10-20,2018-05-11
687,705,541,active,47,2019-06-10,None,2019-05-11,2019-06-10
688,12,423,active,44,2018-11-19,None,2019-01-25,2018-11-19
689,76,649,inactive,0,2018-03-09,None,2020-12-11,2018-03-09
690,931,976,inactive,0,2018-02-18,None,2021-09-03,2018-02-18
691,326,126,active,100,2019-05-29,2019-05-29,2022-03-08,2019-05-29
692,843,242,active,79,2019-05-26,None,2018-02-15,2019-05-26
693,639,848,inactive,0,2018-11-06,None,2018-05-11,2018-11-06
694,514,755,active,16,2018-05-26,None,2021-03-16,2018-05-26
695,197,36,active,71,2019-04-01,None,2019-09-03,2019-04-01
696,984,652,active,75,2019-02-28,None,2019-10-02,2019-02-28
697,940,750,active,6,2018-08-29,None,2020-10-30,2018-08-29
698,248,701,active,93,2019-05-08,None,2021-12-27,2019-05-08
699,367,102,active,25,2018-01-25,None,2021-01-27,2018-01-25
700,818,113,inactive,0,2019-05-05,None,2022-04-11,2019-05-05
701,136,511,inactive,0,2019-04-22,None,2022-05-16,2019-04-22
702,53,674,inactive,0,2018-02-10,None,2020-02-07,2018-02-10
703,268,209,inactive,0,2018-04-26,None,2019-08-10,2018-04-26
704,225,901,inactive,0,2019-02-08,None,2021-06-01,2019-02-08
705,101,364,active,64,2018-07-13,None,2018-02-03,2018-07-13
706,443,915,inactive,0,2018-02-10,None,2020-10-28,2018-02-10
707,100,488,active,74,2018-10-17,None,2022-06-19,2018-10-17
708,731,821,inactive,0,2019-07-25,None,2018-12-08,2019-07-25
709,690,678,inactive,0,2018-11-12,None,2018-08-28,2018-11-12
710,741,837,inactive,0,2018-11-01,None,2021-07-08,2018-11-01
711,946,630,active,4,2019-01-07,None,2021-07-13,2019-01-07
712,277,128,active,58,2018-10-26,None,2020-07-13,2018-10-26
713,337,529,inactive,0,2019-04-29,None,2021-05-27,2019-04-29
714,403,78,inactive,0,2019-04-24,None,2021-09-05,2019-04-24
715,950,94,active,16,2019-03-23,None,2020-07-12,2019-03-23
716,347,433,inactive,0,2018-06-02,None,2018-06-01,2018-06-02
717,926,213,active,74,2019-04-06,None,2018-05-04,2019-04-06
718,170,678,inactive,0,2019-07-07,None,2022-08-20,2019-07-07
719,341,586,active,7,2018-11-07,None,2020-01-24,2018-11-07
720,827,998,active,93,2019-06-14,None,2020-08-19,2019-06-14
721,803,956,inactive,0,2018-02-18,None,2021-03-05,2018-02-18
722,636,710,inactive,0,2018-09-05,None,2019-01-10,2018-09-05
723,90,690,inactive,0,2018-12-27,None,2018-11-09,2018-12-27
724,589,715,active,30,2019-03-10,None,2019-04-05,2019-03-10
725,149,79,active,43,2019-07-19,None,2021-05-25,2019-07-19
726,567,833,active,76,2018-08-19,None,2021-09-21,2018-08-19
727,751,301,inactive,0,2019-06-18,None,2018-08-15,2019-06-18
728,713,780,inactive,0,2018-02-27,None,2019-11-15,2018-02-27
729,65,294,active,47,2018-06-24,None,2018-06-17,2018-06-24
730,435,990,active,74,2018-07-04,None,2020-12-03,2018-07-04
731,608,835,active,42,2019-01-16,None,2020-04-19,2019-01-16
732,745,630,inactive,0,2018-01-05,None,2018-08-21,2018-01-05
733,57,322,inactive,0,2018-01-29,None,2020-10-02,2018-01-29
734,164,908,active,72,2019-06-26,None,2019-12-19,2019-06-26
735,469,888,active,2,2018-01-21,None,2021-04-18,2018-01-21
736,693,58,inactive,0,2018-06-02,None,2021-11-13,2018-06-02
737,134,601,active,40,2019-07-19,None,2020-09-23,2019-07-19
738,8,984,active,53,2018-05-04,None,2018-03-26,2018-05-04
739,49,470,inactive,0,2019-02-27,None,2018-12-02,2019-02-27
740,250,112,inactive,0,2019-02-24,None,2021-01-05,2019-02-24
741,830,192,active,92,2019-04-18,None,2022-05-10,2019-04-18
742,707,459,active,2,2018-06-28,None,2020-08-05,2018-06-28
743,813,783,inactive,0,2018-02-23,None,2018-09-04,2018-02-23
744,850,581,active,59,2018-06-10,None,2018-06-22,2018-06-10
745,85,749,active,83,2018-10-10,None,2020-03-19,2018-10-10
746,30,283,inactive,0,2019-07-19,None,2018-05-23,2019-07-19
747,390,462,inactive,0,2019-01-07,None,2022-04-04,2019-01-07
748,668,161,active,95,2019-02-28,None,2019-05-17,2019-02-28
749,679,689,active,11,2019-03-09,None,2021-05-21,2019-03-09
750,383,698,inactive,0,2019-07-02,None,2020-05-22,2019-07-02
751,779,263,inactive,0,2019-05-29,None,2018-07-28,2019-05-29
752,309,965,active,48,2018-12-15,None,2018-06-09,2018-12-15
753,868,703,inactive,0,2019-01-29,None,2019-11-26,2019-01-29
754,869,374,active,66,2018-12-27,None,2020-09-03,2018-12-27
755,269,570,inactive,0,2019-01-24,None,2021-07-01,2019-01-24
756,973,852,active,98,2019-01-04,None,2018-11-24,2019-01-04
757,600,146,active,99,2018-10-10,None,2020-11-19,2018-10-10
758,458,618,inactive,0,2018-09-11,None,2020-08-28,2018-09-11
759,553,510,active,44,2018-08-31,None,2020-01-01,2018-08-31
760,31,82,active,52,2018-09-22,None,2019-01-18,2018-09-22
761,83,148,inactive,0,2018-04-13,None,2021-07-30,2018-04-13
762,201,491,active,82,2018-06-12,None,2018-02-03,2018-06-12
763,486,922,inactive,0,2018-12-15,None,2018-07-26,2018-12-15
764,823,862,active,56,2018-12-28,None,2019-06-09,2018-12-28
765,761,260,inactive,0,2018-10-24,None,2018-07-02,2018-10-24
766,960,967,inactive,0,2019-01-23,None,2022-01-20,2019-01-23
767,534,909,inactive,0,2018-11-07,None,2020-05-21,2018-11-07
768,47,476,active,44,2018-01-09,None,2019-12-31,2018-01-09
769,472,389,active,3,2019-07-22,None,2020-01-30,2019-07-22
770,992,919,inactive,0,2018-05-18,None,2022-04-16,2018-05-18
771,253,46,active,7,2019-07-18,None,2018-05-05,2019-07-18
772,341,661,active,72,2018-07-31,None,2020-08-13,2018-07-31
773,844,855,active,36,2019-01-27,None,2020-11-15,2019-01-27
774,418,561,inactive,0,2018-11-17,None,2020-06-12,2018-11-17
775,177,649,active,15,2018-06-29,None,2020-11-23,2018-06-29
776,199,206,inactive,0,2019-02-22,None,2019-01-25,2019-02-22
777,309,190,active,34,2018-04-23,None,2019-05-29,2018-04-23
778,742,256,active,72,2018-03-04,None,2019-02-05,2018-03-04
779,767,548,active,83,2018-10-06,None,2020-02-08,2018-10-06
780,913,848,active,32,2019-05-11,None,2021-03-29,2019-05-11
781,668,697,inactive,0,2018-01-08,None,2018-10-13,2018-01-08
782,929,854,inactive,0,2019-07-07,None,2020-08-19,2019-07-07
783,154,613,active,73,2018-08-25,None,2021-02-19,2018-08-25
784,241,280,inactive,0,2018-11-22,None,2018-01-02,2018-11-22
785,103,742,active,1,2019-03-20,None,2018-11-15,2019-03-20
786,42,305,inactive,0,2018-05-28,None,2021-12-18,2018-05-28
787,597,7,active,58,2019-07-27,None,2018-11-18,2019-07-27
788,136,866,inactive,0,2018-06-01,None,2018-04-15,2018-06-01
789,526,26,inactive,0,2018-05-28,None,2021-05-18,2018-05-28
790,686,917,active,59,2018-11-07,None,2020-09-28,2018-11-07
791,423,317,inactive,0,2019-06-02,None,2019-09-26,2019-06-02
792,823,161,inactive,0,2019-03-20,None,2018-05-09,2019-03-20
793,102,404,active,19,2019-01-20,None,2019-11-26,2019-01-20
794,66,480,inactive,0,2018-12-15,None,2020-12-12,2018-12-15
795,280,78,inactive,0,2018-01-01,None,2021-02-15,2018-01-01
796,853,104,active,59,2018-11-21,None,2019-02-19,2018-11-21
797,921,614,active,94,2018-11-19,None,2022-04-30,2018-11-19
798,489,858,active,7,2019-04-07,None,2019-03-25,2019-04-07
799,862,97,inactive,0,2019-06-19,None,2019-01-04,2019-06-19
800,361,762,active,37,2019-05-11,None,2020-11-22,2019-05-11
801,38,592,inactive,0,2018-08-13,None,2022-08-10,2018-08-13
802,251,827,inactive,0,2019-07-12,None,2022-08-28,2019-07-12
803,184,811,inactive,0,2018-04-26,None,2022-02-26,2018-04-26
804,315,646,inactive,0,2019-01-11,None,2018-10-13,2019-01-11
805,504,61,inactive,0,2019-04-05,None,2020-09-06,2019-04-05
806,88,709,active,47,2018-06-11,None,2019-01-06,2018-06-11
807,672,233,inactive,0,2018-05-09,None,2021-12-14,2018-05-09
808,49,652,inactive,0,2019-06-25,None,2018-01-19,2019-06-25
809,804,483,inactive,0,2018-05-17,None,2020-01-24,2018-05-17
810,931,235,active,96,2019-07-27,None,2020-08-03,2019-07-27
811,937,854,inactive,0,2019-05-06,None,2020-08-22,2019-05-06
812,755,454,inactive,0,2019-05-04,None,2021-01-23,2019-05-04
813,180,722,inactive,0,2019-07-12,None,2018-12-23,2019-07-12
814,580,844,inactive,0,2018-03-15,None,2022-02-12,2018-03-15
815,421,555,inactive,0,2019-07-26,None,2021-03-31,2019-07-26
816,680,69,inactive,0,2018-03-28,None,2020-01-25,2018-03-28
817,454,6,inactive,0,2018-04-10,None,2021-07-19,2018-04-10
818,576,250,inactive,0,2019-01-27,None,2021-01-15,2019-01-27
819,130,118,active,42,2018-04-02,None,2022-03-28,2018-04-02
820,591,141,inactive,0,2018-02-17,None,2020-10-17,2018-02-17
821,283,922,inactive,0,2018-03-17,None,2022-03-22,2018-03-17
822,883,728,active,33,2019-05-28,None,2020-11-28,2019-05-28
823,671,702,inactive,0,2018-06-11,None,2020-01-18,2018-06-11
824,41,874,inactive,0,2018-06-13,None,2022-02-12,2018-06-13
825,744,993,inactive,0,2019-04-03,None,2020-05-07,2019-04-03
826,156,85,active,51,2018-02-12,None,2019-04-14,2018-02-12
827,32,899,inactive,0,2018-03-10,None,2018-10-06,2018-03-10
828,535,62,inactive,0,2018-04-01,None,2019-09-25,2018-04-01
829,711,48,active,76,2018-07-05,None,2020-01-21,2018-07-05
830,696,284,inactive,0,2019-05-24,None,2021-11-03,2019-05-24
831,239,941,inactive,0,2019-02-16,None,2021-12-30,2019-02-16
832,379,798,active,88,2019-01-16,None,2018-08-19,2019-01-16
833,893,498,inactive,0,2018-01-03,None,2020-01-31,2018-01-03
834,726,926,active,32,2019-07-06,None,2021-05-13,2019-07-06
835,264,918,active,84,2019-04-21,None,2019-02-08,2019-04-21
836,514,508,inactive,0,2019-03-01,None,2021-05-01,2019-03-01
837,915,721,active,92,2019-04-01,None,2020-10-12,2019-04-01
838,507,173,inactive,0,2019-03-23,None,2020-09-08,2019-03-23
839,809,941,active,59,2019-07-18,None,2021-08-10,2019-07-18
840,311,569,inactive,0,2019-05-22,None,2018-07-14,2019-05-22
841,699,349,active,35,2018-04-08,None,2022-05-31,2018-04-08
842,726,263,inactive,0,2018-11-23,None,2019-06-03,2018-11-23
843,498,604,active,88,2018-06-22,None,2022-01-27,2018-06-22
844,593,455,inactive,0,2019-05-27,None,2020-09-24,2019-05-27
845,324,958,inactive,0,2018-04-28,None,2022-03-05,2018-04-28
846,915,165,active,91,2019-05-09,None,2019-08-24,2019-05-09
847,711,170,inactive,0,2018-03-21,None,2019-10-23,2018-03-21
848,569,140,inactive,0,2018-05-14,None,2022-05-04,2018-05-14
849,577,706,active,78,2019-01-15,None,2018-12-24,2019-01-15
850,424,74,active,97,2018-04-17,None,2018-10-28,2018-04-17
851,589,191,inactive,0,2019-01-27,None,2022-08-19,2019-01-27
852,276,136,active,83,2019-04-08,None,2021-02-01,2019-04-08
853,570,546,inactive,0,2018-10-29,None,2021-08-17,2018-10-29
854,235,734,inactive,0,2018-02-18,None,2020-01-02,2018-02-18
855,152,197,inactive,0,2018-05-24,None,2019-12-17,2018-05-24
856,463,767,inactive,0,2019-05-13,None,2021-01-19,2019-05-13
857,947,791,inactive,0,2018-12-03,None,2019-05-26,2018-12-03
858,24,575,active,93,2019-01-31,None,2018-01-24,2019-01-31
859,846,431,inactive,0,2019-01-22,None,2020-09-28,2019-01-22
860,974,269,active,34,2019-01-02,None,2022-08-14,2019-01-02
861,489,165,inactive,0,2018-10-12,None,2019-09-28,2018-10-12
862,15,452,active,96,2019-07-29,None,2022-04-06,2019-07-29
863,413,2,inactive,0,2018-07-23,None,2020-04-02,2018-07-23
864,696,761,inactive,0,2018-08-18,None,2019-04-11,2018-08-18
865,196,742,inactive,0,2019-07-01,None,2018-11-28,2019-07-01
866,562,435,active,93,2019-03-01,None,2018-09-06,2019-03-01
867,439,897,inactive,0,2018-08-17,None,2020-08-29,2018-08-17
868,623,423,inactive,0,2019-01-29,None,2019-04-06,2019-01-29
869,980,814,inactive,0,2019-07-31,None,2019-01-07,2019-07-31
870,528,442,active,29,2018-03-01,None,2021-06-02,2018-03-01
871,676,934,active,50,2018-11-20,None,2022-06-18,2018-11-20
872,939,120,active,8,2018-01-25,None,2019-02-20,2018-01-25
873,514,996,active,59,2018-02-23,None,2019-05-09,2018-02-23
874,390,847,inactive,0,2018-11-05,None,2020-12-16,2018-11-05
875,359,313,inactive,0,2019-03-30,None,2021-08-26,2019-03-30
876,560,620,inactive,0,2019-04-30,None,2018-02-21,2019-04-30
877,980,7,active,79,2019-05-19,None,2022-04-01,2019-05-19
878,882,389,inactive,0,2018-01-21,None,2020-08-01,2018-01-21
879,989,296,inactive,0,2019-05-12,None,2019-10-23,2019-05-12
880,793,843,active,54,2018-10-21,None,2021-03-05,2018-10-21
881,871,510,active,82,2019-01-21,None,2019-06-28,2019-01-21
882,558,773,active,59,2018-01-31,None,2020-08-03,2018-01-31
883,40,76,active,14,2019-05-28,None,2021-07-06,2019-05-28
884,43,719,inactive,0,2018-12-09,None,2020-10-05,2018-12-09
885,692,876,active,50,2019-05-09,None,2020-04-08,2019-05-09
886,410,811,inactive,0,2018-05-16,None,2018-05-29,2018-05-16
887,703,148,inactive,0,2018-06-20,None,2020-03-23,2018-06-20
888,903,531,active,90,2018-08-03,None,2021-08-24,2018-08-03
889,204,530,active,97,2018-05-29,None,2021-06-12,2018-05-29
890,895,443,inactive,0,2018-07-29,None,2018-02-02,2018-07-29
891,890,952,inactive,0,2019-01-31,None,2020-03-23,2019-01-31
892,701,491,active,76,2018-07-10,None,2020-01-22,2018-07-10
893,737,440,inactive,0,2018-02-17,None,2020-06-13,2018-02-17
894,582,570,inactive,0,2018-12-31,None,2019-03-03,2018-12-31
895,911,178,inactive,0,2018-01-18,None,2018-01-11,2018-01-18
896,323,711,active,77,2019-02-18,None,2021-07-29,2019-02-18
897,912,504,inactive,0,2018-11-18,None,2021-09-10,2018-11-18
898,780,249,inactive,0,2018-06-23,None,2018-03-09,2018-06-23
899,584,363,inactive,0,2018-04-28,None,2019-02-10,2018-04-28
900,841,492,inactive,0,2018-04-19,None,2021-05-31,2018-04-19
901,146,131,inactive,0,2018-02-11,None,2018-03-17,2018-02-11
902,840,230,inactive,0,2018-08-28,None,2019-10-25,2018-08-28
903,438,864,inactive,0,2018-09-19,None,2020-03-23,2018-09-19
904,92,305,inactive,0,2018-03-02,None,2018-09-23,2018-03-02
905,37,599,inactive,0,2019-07-15,None,2021-10-23,2019-07-15
906,396,680,inactive,0,2019-03-08,None,2021-11-30,2019-03-08
907,612,987,inactive,0,2019-07-26,None,2020-04-11,2019-07-26
908,690,357,active,71,2018-11-17,None,2019-03-06,2018-11-17
909,922,368,inactive,0,2018-03-16,None,2021-07-13,2018-03-16
910,413,595,inactive,0,2019-01-20,None,2022-03-12,2019-01-20
911,918,447,inactive,0,2019-04-01,None,2021-06-18,2019-04-01
912,142,199,active,16,2018-01-08,None,2019-02-03,2018-01-08
913,958,890,active,72,2019-05-29,None,2020-04-01,2019-05-29
914,584,61,active,7,2019-06-29,None,2021-11-29,2019-06-29
915,148,469,active,38,2018-03-17,None,2021-09-10,2018-03-17
916,608,888,active,11,2019-03-26,None,2018-11-06,2019-03-26
917,255,349,active,67,2018-10-21,None,2021-09-14,2018-10-21
918,305,407,active,66,2018-02-06,None,2021-08-27,2018-02-06
919,909,23,active,69,2018-08-24,None,2018-09-26,2018-08-24
920,655,844,inactive,0,2018-07-03,None,2022-02-06,2018-07-03
921,369,582,inactive,0,2019-01-21,None,2022-04-27,2019-01-21
922,462,627,active,6,2019-04-26,None,2018-12-18,2019-04-26
923,361,771,active,27,2019-07-17,None,2018-11-03,2019-07-17
924,452,216,inactive,0,2019-06-06,None,2019-01-06,2019-06-06
925,230,311,inactive,0,2018-10-19,None,2019-03-19,2018-10-19
926,981,522,inactive,0,2018-05-04,None,2019-09-09,2018-05-04
927,677,26,inactive,0,2019-01-20,None,2018-07-19,2019-01-20
928,904,904,active,64,2019-05-23,None,2020-05-01,2019-05-23
929,704,12,active,37,2019-05-24,None,2019-04-10,2019-05-24
930,48,731,inactive,0,2018-01-21,None,2020-01-15,2018-01-21
931,249,957,active,47,2018-11-07,None,2018-05-13,2018-11-07
932,88,986,inactive,0,2019-04-22,None,2020-08-17,2019-04-22
933,315,726,inactive,0,2018-09-06,None,2020-04-14,2018-09-06
934,933,712,active,83,2018-06-11,None,2022-07-21,2018-06-11
935,69,868,active,31,2018-01-08,None,2018-08-14,2018-01-08
936,858,168,active,1,2019-03-01,None,2018-02-11,2019-03-01
937,6,182,active,70,2018-07-03,None,2019-12-02,2018-07-03
938,171,974,active,72,2018-12-21,None,2020-05-23,2018-12-21
939,513,792,active,91,2019-06-19,None,2021-01-25,2019-06-19
940,346,391,inactive,0,2018-11-08,None,2019-01-17,2018-11-08
941,379,176,inactive,0,2019-01-12,None,2022-04-28,2019-01-12
942,853,348,inactive,0,2019-02-21,None,2020-06-20,2019-02-21
943,426,584,active,5,2018-04-02,None,2021-04-07,2018-04-02
944,689,157,inactive,0,2018-03-02,None,2018-12-03,2018-03-02
945,730,512,active,78,2018-07-03,None,2020-02-27,2018-07-03
946,310,61,inactive,0,2019-07-02,None,2020-07-03,2019-07-02
947,117,214,inactive,0,2019-01-28,None,2022-06-08,2019-01-28
948,594,230,inactive,0,2019-05-11,None,2021-09-18,2019-05-11
949,619,253,active,51,2018-03-12,None,2019-06-19,2018-03-12
950,656,701,active,66,2019-02-19,None,2019-04-20,2019-02-19
951,281,513,inactive,0,2018-10-13,None,2021-05-07,2018-10-13
952,683,628,inactive,0,2018-07-25,None,2018-11-23,2018-07-25
953,530,485,active,75,2019-04-14,None,2021-02-21,2019-04-14
954,350,713,inactive,0,2018-08-09,None,2022-04-21,2018-08-09
955,645,811,inactive,0,2018-02-23,None,2021-09-28,2018-02-23
956,712,594,active,25,2019-01-10,None,2018-02-07,2019-01-10
957,603,931,active,82,2019-03-04,None,2022-05-09,2019-03-04
958,751,314,inactive,0,2018-12-31,None,2022-05-28,2018-12-31
959,647,80,active,64,2019-01-05,None,2019-08-23,2019-01-05
960,570,83,inactive,0,2018-08-19,None,2022-07-10,2018-08-19
961,621,30,active,93,2019-03-02,None,2022-06-12,2019-03-02
962,548,580,active,92,2019-01-02,None,2018-12-10,2019-01-02
963,705,763,inactive,0,2018-04-22,None,2018-06-21,2018-04-22
964,737,909,active,78,2019-07-27,None,2020-07-03,2019-07-27
965,208,697,inactive,0,2018-09-28,None,2022-07-21,2018-09-28
966,833,524,inactive,0,2019-02-12,None,2020-03-14,2019-02-12
967,315,579,active,48,2018-10-20,None,2019-11-11,2018-10-20
968,697,530,inactive,0,2018-01-26,None,2022-01-20,2018-01-26
969,896,879,active,60,2018-06-24,None,2022-05-29,2018-06-24
970,733,666,inactive,0,2018-03-07,None,2019-11-22,2018-03-07
971,886,657,active,72,2019-02-02,None,2019-06-17,2019-02-02
972,822,431,inactive,0,2018-07-22,None,2018-08-03,2018-07-22
973,26,872,inactive,0,2019-04-30,None,2019-07-01,2019-04-30
974,985,590,inactive,0,2019-01-30,None,2019-11-25,2019-01-30
975,110,788,inactive,0,2019-06-05,None,2022-07-23,2019-06-05
976,649,282,active,15,2018-07-25,None,2019-05-13,2018-07-25
977,336,325,active,50,2018-09-09,None,2018-03-26,2018-09-09
978,46,512,inactive,0,2018-11-19,None,2022-02-21,2018-11-19
979,73,744,active,53,2019-06-24,None,2022-06-21,2019-06-24
980,985,543,inactive,0,2019-03-07,None,2020-01-07,2019-03-07
981,176,884,active,64,2018-11-06,None,2020-12-26,2018-11-06
982,218,39,inactive,0,2019-02-21,None,2021-07-18,2019-02-21
983,322,339,active,56,2019-01-05,None,2019-12-24,2019-01-05
984,589,509,inactive,0,2018-09-14,None,2021-01-19,2018-09-14
985,970,165,active,51,2018-01-21,None,2022-01-23,2018-01-21
986,787,500,inactive,0,2018-10-29,None,2021-05-15,2018-10-29
987,40,377,inactive,0,2018-03-26,None,2018-10-06,2018-03-26
988,113,654,inactive,0,2019-06-20,None,2022-01-13,2019-06-20
989,485,572,inactive,0,2018-05-27,None,2018-04-25,2018-05-27
990,674,404,active,60,2019-02-04,None,2018-08-10,2019-02-04
991,793,712,inactive,0,2019-03-09,None,2018-11-21,2019-03-09
992,117,83,inactive,0,2019-04-24,None,2018-12-17,2019-04-24
993,598,715,active,60,2018-04-27,None,2020-12-01,2018-04-27
994,268,963,inactive,0,2019-04-18,None,2020-09-20,2019-04-18
995,739,57,inactive,0,2019-03-23,None,2019-03-17,2019-03-23
996,823,822,inactive,0,2018-04-15,None,2022-07-28,2018-04-15
997,807,723,active,51,2019-03-03,None,2018-06-28,2019-03-03
998,924,245,active,14,2018-11-07,None,2018-06-30,2018-11-07
999,30,197,active,16,2019-02-16,None,2018-08-10,2019-02-16
1000,465,45,inactive,0,2018-04-29,None,2020-11-12,2018-04-29
