trainingid,userid,courseid,status,completion_percentage,start_date,finish_date,last_updated,active,recbegindate,recenddate
1,390,27,inactive,0,2019-02-07,,2022-07-05,y,2019-02-07,9999-12-31
2,224,53,active,73,2019-06-09,,2020-04-13,y,2019-06-09,9999-12-31
3,753,950,inactive,0,2019-04-17,,2020-07-08,y,2019-04-17,9999-12-31
4,831,323,active,9,2019-01-21,,2019-09-14,y,2019-01-21,9999-12-31
5,384,457,active,54,2018-07-06,,2018-08-20,y,2018-07-06,9999-12-31
6,732,500,active,4,2019-03-21,,2019-09-06,y,2019-03-21,9999-12-31
7,823,365,active,71,2018-02-05,,2021-06-22,y,2018-02-05,9999-12-31
8,347,361,inactive,0,2018-01-20,,2018-11-24,y,2018-01-20,9999-12-31
10,494,307,inactive,0,2018-01-02,,2018-09-28,y,2018-01-02,9999-12-31
11,432,713,active,47,2018-07-26,,2021-10-21,y,2018-07-26,9999-12-31
12,431,746,inactive,0,2019-07-23,,2018-10-08,y,2019-07-23,9999-12-31
13,530,467,inactive,0,2019-03-25,,2018-05-09,y,2019-03-25,9999-12-31
14,568,420,inactive,0,2019-06-11,,2018-07-06,y,2019-06-11,9999-12-31
15,977,558,inactive,0,2018-09-22,,2018-07-26,y,2018-09-22,9999-12-31
16,112,243,active,78,2019-03-29,,2018-09-22,y,2019-03-29,9999-12-31
17,369,803,inactive,0,2018-09-29,,2022-05-27,y,2018-09-29,9999-12-31
18,794,957,active,6,2019-02-10,,2020-03-03,y,2019-02-10,9999-12-31
19,650,823,active,68,2018-09-06,,2020-09-27,y,2018-09-06,9999-12-31
20,694,480,inactive,0,2018-05-14,,2021-08-01,y,2018-05-14,9999-12-31
21,835,906,inactive,0,2018-07-28,,2019-10-08,y,2018-07-28,9999-12-31
22,794,868,inactive,0,2018-04-19,,2021-01-23,y,2018-04-19,9999-12-31
23,420,347,active,71,2018-05-10,,2021-11-28,y,2018-05-10,9999-12-31
24,883,815,active,64,2018-09-08,,2021-01-21,y,2018-09-08,9999-12-31
25,645,670,active,90,2019-06-13,,2019-07-23,y,2019-06-13,9999-12-31
26,809,803,active,28,2018-11-08,,2020-11-08,y,2018-11-08,9999-12-31
27,9,210,active,54,2018-06-17,,2021-08-21,y,2018-06-17,9999-12-31
28,584,349,inactive,0,2019-05-21,,2018-12-27,y,2019-05-21,9999-12-31
29,195,161,inactive,0,2018-10-10,,2018-08-13,y,2018-10-10,9999-12-31
30,72,26,active,42,2018-06-17,,2022-08-10,y,2018-06-17,9999-12-31
31,417,900,active,23,2018-04-08,,2021-11-23,y,2018-04-08,9999-12-31
32,456,235,active,88,2019-06-22,,2021-05-26,y,2019-06-22,9999-12-31
33,315,292,inactive,0,2018-10-07,,2020-07-09,y,2018-10-07,9999-12-31
34,280,903,inactive,0,2019-03-18,,2019-02-26,y,2019-03-18,9999-12-31
35,810,983,inactive,0,2018-10-17,,2019-11-28,y,2018-10-17,9999-12-31
36,450,464,inactive,0,2018-03-18,,2021-07-25,y,2018-03-18,9999-12-31
37,243,82,active,27,2018-06-30,,2018-11-20,y,2018-06-30,9999-12-31
38,817,312,inactive,0,2018-03-07,,2019-09-01,y,2018-03-07,9999-12-31
39,998,840,active,15,2019-03-06,,2021-03-10,y,2019-03-06,9999-12-31
40,366,977,active,73,2018-04-09,,2020-09-27,y,2018-04-09,9999-12-31
41,112,93,inactive,0,2019-05-28,,2019-12-10,y,2019-05-28,9999-12-31
42,478,328,active,72,2019-01-26,,2020-12-26,y,2019-01-26,9999-12-31
43,972,62,inactive,0,2018-05-17,,2018-11-04,y,2018-05-17,9999-12-31
44,972,227,active,94,2019-04-16,,2020-07-27,y,2019-04-16,9999-12-31
45,757,537,inactive,0,2018-12-06,,2018-04-24,y,2018-12-06,9999-12-31
46,579,9,inactive,0,2018-01-26,,2021-03-25,y,2018-01-26,9999-12-31
47,920,924,inactive,0,2018-02-10,,2020-09-07,y,2018-02-10,9999-12-31
48,903,96,inactive,0,2019-01-19,,2019-10-03,y,2019-01-19,9999-12-31
49,697,792,active,17,2019-01-28,,2019-05-08,y,2019-01-28,9999-12-31
50,450,18,inactive,0,2018-02-08,,2018-08-14,y,2018-02-08,9999-12-31
51,865,953,active,99,2019-05-06,,2021-01-27,y,2019-05-06,9999-12-31
52,67,58,active,13,2018-03-03,,2021-04-10,y,2018-03-03,9999-12-31
53,620,218,inactive,0,2018-03-16,,2022-06-18,y,2018-03-16,9999-12-31
54,274,772,active,3,2018-06-04,,2021-05-31,y,2018-06-04,9999-12-31
55,58,513,inactive,0,2019-06-10,,2019-11-10,y,2019-06-10,9999-12-31
56,607,895,inactive,0,2018-01-07,,2019-09-05,y,2018-01-07,9999-12-31
57,508,480,inactive,0,2018-07-27,,2021-11-04,y,2018-07-27,9999-12-31
58,362,436,inactive,0,2018-06-14,,2020-11-22,y,2018-06-14,9999-12-31
59,219,966,inactive,0,2019-07-27,,2022-01-20,y,2019-07-27,9999-12-31
60,683,115,inactive,0,2018-09-16,,2019-11-07,y,2018-09-16,9999-12-31
61,845,48,active,98,2018-08-03,,2021-05-16,y,2018-08-03,9999-12-31
62,98,892,inactive,0,2019-07-23,,2022-07-28,y,2019-07-23,9999-12-31
63,425,112,active,78,2018-07-14,,2018-06-27,y,2018-07-14,9999-12-31
64,124,59,active,73,2018-04-20,,2020-09-28,y,2018-04-20,9999-12-31
65,410,414,inactive,0,2019-07-14,,2022-02-28,y,2019-07-14,9999-12-31
66,552,720,inactive,0,2018-11-17,,2019-09-02,y,2018-11-17,9999-12-31
67,992,678,inactive,0,2019-06-07,,2018-09-16,y,2019-06-07,9999-12-31
68,253,964,inactive,0,2019-04-11,,2021-10-20,y,2019-04-11,9999-12-31
69,961,537,inactive,0,2019-07-04,,2020-12-10,y,2019-07-04,9999-12-31
70,856,181,active,27,2018-07-02,,2019-06-12,y,2018-07-02,9999-12-31
71,669,493,inactive,0,2019-04-09,,2022-07-10,y,2019-04-09,9999-12-31
72,715,756,inactive,0,2018-04-21,,2020-08-02,y,2018-04-21,9999-12-31
73,374,456,inactive,0,2018-01-31,,2020-09-27,y,2018-01-31,9999-12-31
74,568,341,active,14,2018-03-21,,2020-03-01,y,2018-03-21,9999-12-31
75,176,626,active,22,2019-04-30,,2020-05-14,y,2019-04-30,9999-12-31
76,144,772,inactive,0,2019-02-27,,2020-01-16,y,2019-02-27,9999-12-31
77,171,252,inactive,0,2019-06-08,,2020-07-23,y,2019-06-08,9999-12-31
78,183,258,active,73,2018-08-13,,2021-05-18,y,2018-08-13,9999-12-31
79,553,184,active,9,2019-07-02,,2019-03-19,y,2019-07-02,9999-12-31
80,743,504,active,17,2018-08-19,,2018-03-28,y,2018-08-19,9999-12-31
81,882,584,active,91,2018-06-20,,2021-02-20,y,2018-06-20,9999-12-31
82,701,91,active,89,2018-06-21,,2021-01-26,y,2018-06-21,9999-12-31
83,588,680,active,50,2018-04-15,,2020-09-12,y,2018-04-15,9999-12-31
84,595,921,inactive,0,2019-02-22,,2022-08-03,y,2019-02-22,9999-12-31
85,813,224,inactive,0,2018-08-23,,2020-12-10,y,2018-08-23,9999-12-31
86,927,40,active,44,2018-07-20,,2019-03-24,y,2018-07-20,9999-12-31
87,453,751,inactive,0,2018-04-27,,2019-05-31,y,2018-04-27,9999-12-31
88,993,674,inactive,0,2018-10-03,,2021-09-23,y,2018-10-03,9999-12-31
89,34,858,inactive,0,2019-03-14,,2020-03-22,y,2019-03-14,9999-12-31
90,588,749,inactive,0,2019-01-18,,2020-01-21,y,2019-01-18,9999-12-31
91,353,15,inactive,0,2018-10-01,,2019-07-12,y,2018-10-01,9999-12-31
92,689,734,active,89,2019-07-11,,2018-07-23,y,2019-07-11,9999-12-31
93,306,387,active,74,2019-02-22,,2018-01-31,y,2019-02-22,9999-12-31
94,598,976,inactive,0,2018-02-22,,2020-04-12,y,2018-02-22,9999-12-31
95,336,41,inactive,0,2018-06-07,,2019-03-31,y,2018-06-07,9999-12-31
96,738,397,inactive,0,2019-01-23,,2018-10-03,y,2019-01-23,9999-12-31
97,963,868,active,3,2018-10-19,,2019-01-29,y,2018-10-19,9999-12-31
98,378,60,inactive,0,2018-06-06,,2018-01-12,y,2018-06-06,9999-12-31
99,333,606,inactive,0,2019-01-03,,2022-01-17,y,2019-01-03,9999-12-31
100,672,852,active,82,2019-02-13,,2021-09-08,y,2019-02-13,9999-12-31
101,203,428,active,37,2018-06-18,,2019-02-06,y,2018-06-18,9999-12-31
102,83,433,inactive,0,2019-01-21,,2018-05-14,y,2019-01-21,9999-12-31
103,646,179,active,77,2018-10-30,,2018-05-19,y,2018-10-30,9999-12-31
104,872,578,inactive,0,2019-04-29,,2019-07-20,y,2019-04-29,9999-12-31
105,553,382,active,1,2018-09-12,,2018-07-25,y,2018-09-12,9999-12-31
106,395,534,active,23,2019-07-17,,2018-11-15,y,2019-07-17,9999-12-31
107,470,138,active,36,2019-03-04,,2019-01-02,y,2019-03-04,9999-12-31
108,321,820,active,42,2018-01-16,,2021-08-07,y,2018-01-16,9999-12-31
109,858,445,inactive,0,2019-03-04,,2019-01-06,y,2019-03-04,9999-12-31
110,673,603,inactive,0,2018-12-07,,2018-01-15,y,2018-12-07,9999-12-31
111,320,965,active,4,2018-11-11,,2018-05-25,y,2018-11-11,9999-12-31
112,247,457,inactive,0,2019-06-12,,2019-11-23,y,2019-06-12,9999-12-31
113,525,838,active,35,2018-02-01,,2018-03-16,y,2018-02-01,9999-12-31
114,339,538,inactive,0,2019-05-31,,2022-05-03,y,2019-05-31,9999-12-31
115,806,250,active,7,2018-09-14,,2019-09-02,y,2018-09-14,9999-12-31
116,800,124,active,48,2018-04-13,,2022-03-11,y,2018-04-13,9999-12-31
117,857,902,active,38,2018-02-11,,2019-10-01,y,2018-02-11,9999-12-31
118,203,809,active,95,2019-07-29,,2018-11-24,y,2019-07-29,9999-12-31
119,439,235,active,93,2018-02-15,,2021-07-16,y,2018-02-15,9999-12-31
120,608,512,active,73,2019-03-17,,2018-05-06,y,2019-03-17,9999-12-31
121,900,267,inactive,0,2019-05-13,,2022-08-21,y,2019-05-13,9999-12-31
122,307,609,active,41,2018-10-20,,2022-05-04,y,2018-10-20,9999-12-31
123,718,811,inactive,0,2018-04-08,,2022-07-09,y,2018-04-08,9999-12-31
124,930,845,active,77,2019-01-05,,2021-09-18,y,2019-01-05,9999-12-31
125,446,541,active,39,2018-11-29,,2021-12-04,y,2018-11-29,9999-12-31
126,42,859,active,92,2019-04-24,,2021-11-09,y,2019-04-24,9999-12-31
127,833,779,active,6,2018-05-01,,2021-02-06,y,2018-05-01,9999-12-31
128,535,223,inactive,0,2019-01-01,,2020-07-24,y,2019-01-01,9999-12-31
129,825,155,inactive,0,2019-01-02,,2019-04-25,y,2019-01-02,9999-12-31
130,438,680,inactive,0,2019-05-25,,2019-08-21,y,2019-05-25,9999-12-31
131,61,36,inactive,0,2018-10-11,,2020-12-14,y,2018-10-11,9999-12-31
132,385,218,active,51,2018-08-08,,2021-08-16,y,2018-08-08,9999-12-31
133,937,624,inactive,0,2018-05-19,,2018-09-19,y,2018-05-19,9999-12-31
134,369,213,active,59,2019-03-12,,2021-06-22,y,2019-03-12,9999-12-31
135,517,79,active,91,2019-03-29,,2022-08-19,y,2019-03-29,9999-12-31
136,548,140,inactive,0,2018-12-01,,2019-07-13,y,2018-12-01,9999-12-31
137,566,93,inactive,0,2018-02-20,,2021-02-18,y,2018-02-20,9999-12-31
138,225,67,inactive,0,2019-02-26,,2020-02-16,y,2019-02-26,9999-12-31
139,498,443,active,76,2018-11-29,,2019-03-24,y,2018-11-29,9999-12-31
140,843,892,active,100,2018-10-18,2018-10-18,2021-07-25,y,2018-10-18,9999-12-31
141,840,544,inactive,0,2018-08-16,,2021-05-16,y,2018-08-16,9999-12-31
142,504,502,inactive,0,2018-04-13,,2019-06-15,y,2018-04-13,9999-12-31
143,916,104,active,53,2018-03-25,,2021-02-23,y,2018-03-25,9999-12-31
144,350,133,inactive,0,2018-04-30,,2022-06-20,y,2018-04-30,9999-12-31
145,735,829,active,17,2018-05-08,,2018-04-06,y,2018-05-08,9999-12-31
146,17,17,inactive,0,2019-06-29,,2018-01-08,y,2019-06-29,9999-12-31
147,517,711,active,35,2018-11-26,,2022-05-14,y,2018-11-26,9999-12-31
148,71,154,active,50,2018-12-23,,2020-01-03,y,2018-12-23,9999-12-31
149,409,564,inactive,0,2018-04-23,,2020-03-06,y,2018-04-23,9999-12-31
150,250,162,active,96,2019-03-19,,2021-01-12,y,2019-03-19,9999-12-31
151,972,794,inactive,0,2018-03-25,,2019-09-07,y,2018-03-25,9999-12-31
152,135,868,inactive,0,2018-04-14,,2019-05-23,y,2018-04-14,9999-12-31
153,509,235,active,91,2018-05-23,,2019-11-28,y,2018-05-23,9999-12-31
154,689,137,inactive,0,2018-03-09,,2021-10-03,y,2018-03-09,9999-12-31
155,297,889,inactive,0,2019-03-13,,2021-04-17,y,2019-03-13,9999-12-31
156,960,92,inactive,0,2018-09-30,,2021-11-07,y,2018-09-30,9999-12-31
157,988,16,inactive,0,2019-02-23,,2019-11-05,y,2019-02-23,9999-12-31
158,9,369,inactive,0,2019-01-28,,2018-04-08,y,2019-01-28,9999-12-31
159,833,71,inactive,0,2018-04-25,,2022-03-11,y,2018-04-25,9999-12-31
160,972,254,inactive,0,2018-08-13,,2021-10-20,y,2018-08-13,9999-12-31
161,39,452,active,95,2019-03-18,,2020-01-18,y,2019-03-18,9999-12-31
162,798,766,inactive,0,2018-01-01,,2022-01-01,y,2018-01-01,9999-12-31
163,373,445,inactive,0,2018-03-04,,2019-06-22,y,2018-03-04,9999-12-31
164,132,520,active,6,2019-01-10,,2020-02-01,y,2019-01-10,9999-12-31
165,597,285,active,37,2018-01-24,,2021-10-13,y,2018-01-24,9999-12-31
166,612,833,inactive,0,2018-11-02,,2019-11-08,y,2018-11-02,9999-12-31
167,806,899,inactive,0,2019-02-23,,2019-02-15,y,2019-02-23,9999-12-31
168,293,182,inactive,0,2018-06-29,,2018-03-30,y,2018-06-29,9999-12-31
169,392,170,active,21,2018-08-16,,2018-03-26,y,2018-08-16,9999-12-31
170,768,674,active,77,2018-06-27,,2020-07-11,y,2018-06-27,9999-12-31
171,45,753,active,82,2019-04-28,,2019-01-02,y,2019-04-28,9999-12-31
172,806,177,inactive,0,2019-02-24,,2021-09-03,y,2019-02-24,9999-12-31
173,917,624,inactive,0,2018-05-17,,2021-08-27,y,2018-05-17,9999-12-31
174,263,31,inactive,0,2019-07-13,,2019-12-31,y,2019-07-13,9999-12-31
175,226,367,active,84,2019-07-07,,2018-06-14,y,2019-07-07,9999-12-31
176,816,557,active,57,2018-07-20,,2018-05-10,y,2018-07-20,9999-12-31
177,961,268,active,57,2019-01-02,,2018-10-12,y,2019-01-02,9999-12-31
178,974,416,active,42,2018-09-04,,2019-01-28,y,2018-09-04,9999-12-31
179,508,204,inactive,0,2019-03-20,,2022-03-11,y,2019-03-20,9999-12-31
180,227,736,active,28,2018-12-18,,2021-06-30,y,2018-12-18,9999-12-31
181,69,977,active,100,2018-10-16,2018-10-16,2022-06-20,y,2018-10-16,9999-12-31
182,261,552,inactive,0,2018-05-16,,2019-05-07,y,2018-05-16,9999-12-31
183,36,510,inactive,0,2018-11-12,,2020-04-29,y,2018-11-12,9999-12-31
184,797,344,active,16,2019-05-29,,2019-05-18,y,2019-05-29,9999-12-31
185,786,772,active,79,2018-10-25,,2019-11-26,y,2018-10-25,9999-12-31
186,187,573,inactive,0,2018-08-03,,2020-03-13,y,2018-08-03,9999-12-31
187,920,197,inactive,0,2018-05-14,,2021-08-21,y,2018-05-14,9999-12-31
188,125,608,active,23,2018-10-26,,2021-01-01,y,2018-10-26,9999-12-31
189,540,178,active,81,2019-04-19,,2020-07-02,y,2019-04-19,9999-12-31
190,197,369,inactive,0,2019-03-16,,2018-10-24,y,2019-03-16,9999-12-31
191,670,86,active,27,2019-02-03,,2019-10-15,y,2019-02-03,9999-12-31
192,255,565,active,1,2018-05-12,,2019-02-19,y,2018-05-12,9999-12-31
193,346,975,active,69,2019-07-10,,2021-05-13,y,2019-07-10,9999-12-31
194,635,441,active,34,2019-05-20,,2020-10-31,y,2019-05-20,9999-12-31
195,544,786,inactive,0,2019-05-23,,2020-11-25,y,2019-05-23,9999-12-31
196,330,506,active,87,2018-09-19,,2020-07-07,y,2018-09-19,9999-12-31
197,420,882,active,72,2018-05-29,,2018-10-28,y,2018-05-29,9999-12-31
198,272,472,active,31,2018-10-07,,2018-07-13,y,2018-10-07,9999-12-31
199,159,413,active,95,2018-06-18,,2019-04-13,y,2018-06-18,9999-12-31
200,237,699,active,66,2019-06-20,,2021-05-12,y,2019-06-20,9999-12-31
201,511,290,active,66,2018-02-03,,2020-07-18,y,2018-02-03,9999-12-31
202,367,752,inactive,0,2018-11-03,,2021-08-02,y,2018-11-03,9999-12-31
203,894,191,inactive,0,2019-05-05,,2022-03-31,y,2019-05-05,9999-12-31
204,614,495,active,29,2018-07-05,,2019-06-05,y,2018-07-05,9999-12-31
205,416,784,inactive,0,2019-04-08,,2020-03-12,y,2019-04-08,9999-12-31
206,858,486,active,29,2018-11-11,,2021-08-09,y,2018-11-11,9999-12-31
207,970,97,inactive,0,2019-06-26,,2020-08-28,y,2019-06-26,9999-12-31
208,3,101,active,61,2018-09-24,,2021-06-27,y,2018-09-24,9999-12-31
209,282,783,active,30,2018-05-03,,2019-12-12,y,2018-05-03,9999-12-31
210,121,869,active,71,2018-02-10,,2020-02-02,y,2018-02-10,9999-12-31
211,106,954,active,60,2018-05-03,,2019-07-17,y,2018-05-03,9999-12-31
212,635,505,inactive,0,2019-03-12,,2018-11-15,y,2019-03-12,9999-12-31
213,405,815,active,9,2018-10-02,,2021-12-05,y,2018-10-02,9999-12-31
214,352,903,active,73,2018-05-31,,2020-01-13,y,2018-05-31,9999-12-31
215,730,117,inactive,0,2019-03-15,,2021-12-19,y,2019-03-15,9999-12-31
216,73,730,active,23,2019-05-26,,2021-06-09,y,2019-05-26,9999-12-31
217,933,454,active,42,2019-03-31,,2021-02-14,y,2019-03-31,9999-12-31
218,67,277,active,86,2018-02-03,,2019-08-01,y,2018-02-03,9999-12-31
219,273,149,active,88,2018-08-14,,2020-07-09,y,2018-08-14,9999-12-31
220,178,599,inactive,0,2018-01-22,,2022-05-22,y,2018-01-22,9999-12-31
221,18,108,inactive,0,2019-04-02,,2020-12-16,y,2019-04-02,9999-12-31
222,554,126,inactive,0,2018-04-17,,2020-11-19,y,2018-04-17,9999-12-31
223,390,596,inactive,0,2018-03-26,,2019-10-25,y,2018-03-26,9999-12-31
224,997,933,active,96,2018-03-15,,2018-05-14,y,2018-03-15,9999-12-31
225,600,200,active,63,2018-09-02,,2018-02-06,y,2018-09-02,9999-12-31
226,158,948,inactive,0,2019-06-29,,2020-05-08,y,2019-06-29,9999-12-31
227,274,121,active,67,2018-09-06,,2020-07-24,y,2018-09-06,9999-12-31
228,248,256,inactive,0,2019-04-12,,2018-02-20,y,2019-04-12,9999-12-31
229,501,274,inactive,0,2019-06-12,,2019-10-01,y,2019-06-12,9999-12-31
230,489,427,inactive,0,2019-03-12,,2022-01-07,y,2019-03-12,9999-12-31
231,835,66,active,12,2018-06-29,,2021-02-15,y,2018-06-29,9999-12-31
232,338,235,active,38,2018-08-18,,2022-05-06,y,2018-08-18,9999-12-31
233,34,871,active,92,2018-08-11,,2022-02-18,y,2018-08-11,9999-12-31
234,953,797,inactive,0,2018-02-18,,2020-09-03,y,2018-02-18,9999-12-31
235,208,375,active,9,2019-07-10,,2018-08-23,y,2019-07-10,9999-12-31
236,121,556,active,91,2019-04-02,,2021-01-07,y,2019-04-02,9999-12-31
237,833,291,active,90,2019-04-21,,2020-09-22,y,2019-04-21,9999-12-31
238,930,259,active,55,2018-10-17,,2019-12-10,y,2018-10-17,9999-12-31
239,646,971,active,55,2018-12-25,,2020-03-09,y,2018-12-25,9999-12-31
240,837,644,inactive,0,2018-11-02,,2022-08-02,y,2018-11-02,9999-12-31
241,147,454,active,78,2019-05-04,,2020-02-16,y,2019-05-04,9999-12-31
242,373,529,active,30,2018-08-10,,2022-05-09,y,2018-08-10,9999-12-31
243,677,789,active,27,2019-04-12,,2019-05-05,y,2019-04-12,9999-12-31
244,134,573,active,1,2018-07-24,,2020-11-19,y,2018-07-24,9999-12-31
245,310,974,inactive,0,2018-01-06,,2022-04-03,y,2018-01-06,9999-12-31
246,915,430,inactive,0,2018-05-07,,2018-04-12,y,2018-05-07,9999-12-31
247,258,354,inactive,0,2018-10-02,,2018-09-28,y,2018-10-02,9999-12-31
248,272,193,inactive,0,2018-11-07,,2018-03-17,y,2018-11-07,9999-12-31
249,822,501,active,52,2019-02-22,,2019-03-21,y,2019-02-22,9999-12-31
250,592,936,active,57,2018-08-02,,2018-08-04,y,2018-08-02,9999-12-31
251,295,866,inactive,0,2018-06-04,,2022-01-03,y,2018-06-04,9999-12-31
252,800,312,inactive,0,2018-08-30,,2022-01-15,y,2018-08-30,9999-12-31
253,487,51,inactive,0,2018-09-29,,2019-07-24,y,2018-09-29,9999-12-31
254,733,386,inactive,0,2019-07-30,,2022-06-13,y,2019-07-30,9999-12-31
255,141,882,inactive,0,2019-05-10,,2018-02-05,y,2019-05-10,9999-12-31
256,722,928,active,62,2019-05-28,,2019-05-16,y,2019-05-28,9999-12-31
257,425,592,inactive,0,2018-04-07,,2019-11-17,y,2018-04-07,9999-12-31
258,811,716,inactive,0,2018-09-04,,2020-10-27,y,2018-09-04,9999-12-31
259,69,384,inactive,0,2019-02-11,,2018-08-14,y,2019-02-11,9999-12-31
260,707,131,inactive,0,2019-05-07,,2019-02-21,y,2019-05-07,9999-12-31
261,122,355,active,40,2018-11-30,,2021-01-12,y,2018-11-30,9999-12-31
262,151,453,inactive,0,2019-04-28,,2018-06-03,y,2019-04-28,9999-12-31
263,266,738,active,8,2018-02-11,,2021-08-10,y,2018-02-11,9999-12-31
264,141,912,active,3,2018-12-03,,2019-01-12,y,2018-12-03,9999-12-31
265,877,527,active,3,2019-01-04,,2020-04-17,y,2019-01-04,9999-12-31
266,220,990,active,1,2019-06-17,,2020-04-11,y,2019-06-17,9999-12-31
267,388,437,active,20,2019-03-10,,2019-12-24,y,2019-03-10,9999-12-31
268,166,551,inactive,0,2018-11-30,,2020-03-13,y,2018-11-30,9999-12-31
269,756,895,active,17,2019-07-21,,2021-12-19,y,2019-07-21,9999-12-31
270,446,167,inactive,0,2018-05-04,,2018-06-30,y,2018-05-04,9999-12-31
271,19,652,inactive,0,2018-10-16,,2020-01-23,y,2018-10-16,9999-12-31
272,809,578,inactive,0,2018-03-08,,2020-01-19,y,2018-03-08,9999-12-31
273,216,502,inactive,0,2018-11-29,,2019-11-05,y,2018-11-29,9999-12-31
274,282,361,inactive,0,2018-10-09,,2022-04-07,y,2018-10-09,9999-12-31
275,513,963,active,32,2018-12-08,,2021-11-08,y,2018-12-08,9999-12-31
276,672,753,active,41,2018-09-09,,2018-02-20,y,2018-09-09,9999-12-31
277,615,918,active,69,2019-06-06,,2018-06-26,y,2019-06-06,9999-12-31
278,839,63,active,28,2018-03-16,,2018-03-21,y,2018-03-16,9999-12-31
279,249,646,active,50,2018-09-17,,2022-07-05,y,2018-09-17,9999-12-31
280,349,595,inactive,0,2019-04-30,,2022-08-01,y,2019-04-30,9999-12-31
281,85,928,inactive,0,2018-05-09,,2019-03-10,y,2018-05-09,9999-12-31
282,231,566,inactive,0,2019-01-01,,2019-06-14,y,2019-01-01,9999-12-31
283,96,636,active,2,2019-06-09,,2018-05-15,y,2019-06-09,9999-12-31
284,673,999,active,99,2019-07-28,,2019-05-03,y,2019-07-28,9999-12-31
285,75,66,active,92,2018-10-30,,2019-10-27,y,2018-10-30,9999-12-31
286,44,86,inactive,0,2018-11-19,,2019-04-02,y,2018-11-19,9999-12-31
287,860,648,active,68,2018-10-06,,2021-10-10,y,2018-10-06,9999-12-31
288,986,884,inactive,0,2018-08-03,,2020-10-08,y,2018-08-03,9999-12-31
289,740,575,inactive,0,2018-10-28,,2018-10-07,y,2018-10-28,9999-12-31
290,527,802,active,9,2018-01-08,,2022-05-22,y,2018-01-08,9999-12-31
291,824,448,inactive,0,2019-07-25,,2018-12-25,y,2019-07-25,9999-12-31
292,89,531,active,43,2018-10-22,,2021-05-14,y,2018-10-22,9999-12-31
293,628,806,active,29,2019-03-26,,2020-09-30,y,2019-03-26,9999-12-31
294,582,685,active,43,2018-03-26,,2019-02-26,y,2018-03-26,9999-12-31
295,873,501,inactive,0,2019-06-08,,2020-08-10,y,2019-06-08,9999-12-31
296,758,323,active,28,2019-05-25,,2019-09-10,y,2019-05-25,9999-12-31
297,297,444,active,89,2018-03-25,,2020-02-21,y,2018-03-25,9999-12-31
298,332,817,active,77,2019-01-19,,2019-10-29,y,2019-01-19,9999-12-31
299,250,326,inactive,0,2018-07-22,,2021-12-23,y,2018-07-22,9999-12-31
300,53,805,active,58,2018-05-25,,2019-10-06,y,2018-05-25,9999-12-31
301,338,62,inactive,0,2018-10-08,,2022-03-02,y,2018-10-08,9999-12-31
302,51,237,active,100,2018-12-15,2018-12-15,2021-04-27,y,2018-12-15,9999-12-31
303,204,571,active,36,2018-04-05,,2021-10-07,y,2018-04-05,9999-12-31
304,170,800,inactive,0,2018-05-12,,2018-12-07,y,2018-05-12,9999-12-31
305,189,940,active,83,2018-09-29,,2021-05-25,y,2018-09-29,9999-12-31
306,376,513,active,9,2019-06-04,,2019-01-24,y,2019-06-04,9999-12-31
307,340,605,active,70,2018-07-10,,2021-03-05,y,2018-07-10,9999-12-31
308,697,338,inactive,0,2018-08-12,,2021-01-04,y,2018-08-12,9999-12-31
309,649,598,active,36,2019-04-19,,2018-07-07,y,2019-04-19,9999-12-31
310,793,420,inactive,0,2018-01-15,,2018-01-21,y,2018-01-15,9999-12-31
311,40,147,inactive,0,2018-07-23,,2022-02-01,y,2018-07-23,9999-12-31
312,935,544,active,6,2018-11-28,,2018-04-12,y,2018-11-28,9999-12-31
313,40,817,active,36,2018-11-21,,2020-05-03,y,2018-11-21,9999-12-31
314,411,885,active,65,2018-03-01,,2022-01-14,y,2018-03-01,9999-12-31
315,568,404,active,76,2018-10-24,,2019-12-07,y,2018-10-24,9999-12-31
316,242,901,inactive,0,2018-07-08,,2019-07-26,y,2018-07-08,9999-12-31
317,135,895,inactive,0,2018-06-05,,2021-02-14,y,2018-06-05,9999-12-31
318,583,454,active,70,2019-07-11,,2018-07-12,y,2019-07-11,9999-12-31
319,358,657,inactive,0,2018-05-10,,2018-04-05,y,2018-05-10,9999-12-31
320,57,527,active,57,2019-07-12,,2019-06-21,y,2019-07-12,9999-12-31
321,928,851,active,61,2019-02-04,,2022-07-09,y,2019-02-04,9999-12-31
322,213,8,inactive,0,2018-12-06,,2018-01-14,y,2018-12-06,9999-12-31
323,578,914,active,45,2018-07-12,,2019-09-09,y,2018-07-12,9999-12-31
324,557,618,active,64,2019-02-03,,2019-11-12,y,2019-02-03,9999-12-31
325,60,899,inactive,0,2018-01-31,,2021-11-13,y,2018-01-31,9999-12-31
326,781,564,active,11,2019-01-01,,2022-07-07,y,2019-01-01,9999-12-31
327,273,846,active,60,2019-03-29,,2019-04-15,y,2019-03-29,9999-12-31
328,48,771,inactive,0,2018-10-14,,2021-11-30,y,2018-10-14,9999-12-31
329,287,853,active,10,2019-01-27,,2021-04-03,y,2019-01-27,9999-12-31
330,8,814,active,48,2018-02-09,,2022-03-28,y,2018-02-09,9999-12-31
331,783,728,active,76,2019-07-14,,2018-01-09,y,2019-07-14,9999-12-31
332,370,153,inactive,0,2018-06-21,,2019-03-26,y,2018-06-21,9999-12-31
333,291,147,inactive,0,2019-04-26,,2021-12-16,y,2019-04-26,9999-12-31
334,451,449,inactive,0,2019-07-28,,2020-10-14,y,2019-07-28,9999-12-31
335,716,675,active,30,2018-09-18,,2022-04-14,y,2018-09-18,9999-12-31
336,980,407,inactive,0,2018-05-31,,2021-04-22,y,2018-05-31,9999-12-31
337,522,200,active,20,2018-03-26,,2022-04-30,y,2018-03-26,9999-12-31
338,98,558,active,74,2019-04-26,,2022-03-10,y,2019-04-26,9999-12-31
339,94,901,inactive,0,2018-07-06,,2021-09-05,y,2018-07-06,9999-12-31
340,452,446,active,35,2018-04-30,,2022-05-12,y,2018-04-30,9999-12-31
341,787,263,active,13,2019-02-14,,2018-03-02,y,2019-02-14,9999-12-31
342,264,599,active,95,2018-03-08,,2018-08-02,y,2018-03-08,9999-12-31
343,722,607,active,95,2018-01-29,,2020-04-22,y,2018-01-29,9999-12-31
344,854,946,inactive,0,2018-12-10,,2020-04-09,y,2018-12-10,9999-12-31
345,517,231,inactive,0,2018-07-06,,2018-06-02,y,2018-07-06,9999-12-31
346,137,9,inactive,0,2018-02-01,,2020-07-13,y,2018-02-01,9999-12-31
347,500,445,inactive,0,2018-10-02,,2018-01-28,y,2018-10-02,9999-12-31
348,472,722,inactive,0,2019-02-15,,2022-06-04,y,2019-02-15,9999-12-31
349,164,262,inactive,0,2018-06-22,,2018-08-07,y,2018-06-22,9999-12-31
350,332,295,inactive,0,2018-06-17,,2020-03-09,y,2018-06-17,9999-12-31
351,918,209,inactive,0,2019-07-08,,2019-12-06,y,2019-07-08,9999-12-31
352,66,309,active,21,2018-05-24,,2020-12-03,y,2018-05-24,9999-12-31
353,907,576,active,25,2018-09-20,,2019-12-27,y,2018-09-20,9999-12-31
354,874,183,inactive,0,2019-03-12,,2018-06-16,y,2019-03-12,9999-12-31
355,307,876,inactive,0,2018-06-15,,2022-02-02,y,2018-06-15,9999-12-31
356,852,648,active,15,2018-04-27,,2019-12-08,y,2018-04-27,9999-12-31
357,787,634,inactive,0,2018-02-15,,2021-03-18,y,2018-02-15,9999-12-31
358,402,582,active,61,2018-01-25,,2018-11-14,y,2018-01-25,9999-12-31
359,889,160,inactive,0,2018-01-25,,2020-07-05,y,2018-01-25,9999-12-31
360,869,579,active,36,2019-07-03,,2021-05-28,y,2019-07-03,9999-12-31
361,525,57,active,59,2019-02-19,,2022-07-01,y,2019-02-19,9999-12-31
362,473,255,inactive,0,2018-02-10,,2021-12-16,y,2018-02-10,9999-12-31
363,229,675,active,67,2019-01-01,,2019-08-24,y,2019-01-01,9999-12-31
364,709,62,active,95,2018-04-29,,2020-07-12,y,2018-04-29,9999-12-31
365,225,10,inactive,0,2019-03-28,,2021-08-23,y,2019-03-28,9999-12-31
366,777,770,inactive,0,2018-05-14,,2021-05-10,y,2018-05-14,9999-12-31
367,380,836,inactive,0,2018-09-16,,2020-11-17,y,2018-09-16,9999-12-31
368,109,700,active,68,2019-07-27,,2019-09-11,y,2019-07-27,9999-12-31
369,147,991,active,93,2019-04-19,,2019-04-13,y,2019-04-19,9999-12-31
370,375,136,active,45,2019-01-28,,2019-08-04,y,2019-01-28,9999-12-31
371,671,810,inactive,0,2019-04-26,,2019-05-23,y,2019-04-26,9999-12-31
372,230,224,inactive,0,2019-05-21,,2022-04-30,y,2019-05-21,9999-12-31
373,83,802,active,37,2019-06-22,,2018-10-21,y,2019-06-22,9999-12-31
374,458,179,active,99,2019-05-03,,2022-07-04,y,2019-05-03,9999-12-31
375,319,889,inactive,0,2018-03-02,,2022-06-11,y,2018-03-02,9999-12-31
376,538,935,active,74,2019-02-24,,2018-01-09,y,2019-02-24,9999-12-31
377,605,595,active,19,2019-01-17,,2018-09-20,y,2019-01-17,9999-12-31
378,405,673,inactive,0,2019-06-26,,2021-03-06,y,2019-06-26,9999-12-31
379,662,429,inactive,0,2019-05-17,,2019-04-29,y,2019-05-17,9999-12-31
380,831,635,active,23,2018-05-26,,2018-03-18,y,2018-05-26,9999-12-31
381,405,549,active,58,2019-05-29,,2022-07-11,y,2019-05-29,9999-12-31
382,438,744,inactive,0,2018-01-10,,2018-09-25,y,2018-01-10,9999-12-31
383,258,683,inactive,0,2019-01-23,,2020-06-24,y,2019-01-23,9999-12-31
384,661,339,inactive,0,2018-07-30,,2018-07-15,y,2018-07-30,9999-12-31
385,505,784,inactive,0,2018-02-06,,2019-08-11,y,2018-02-06,9999-12-31
386,241,986,active,31,2018-10-18,,2021-12-02,y,2018-10-18,9999-12-31
387,920,662,active,57,2019-07-05,,2021-06-04,y,2019-07-05,9999-12-31
388,986,987,active,78,2019-04-20,,2021-03-26,y,2019-04-20,9999-12-31
389,665,259,active,47,2018-09-02,,2020-03-04,y,2018-09-02,9999-12-31
390,574,936,inactive,0,2019-06-19,,2021-10-05,y,2019-06-19,9999-12-31
391,379,732,active,79,2019-03-24,,2019-11-10,y,2019-03-24,9999-12-31
392,65,335,active,61,2018-04-19,,2021-11-01,y,2018-04-19,9999-12-31
393,794,948,inactive,0,2018-10-18,,2021-04-27,y,2018-10-18,9999-12-31
394,18,501,active,3,2019-01-17,,2018-07-30,y,2019-01-17,9999-12-31
395,265,355,active,1,2019-04-04,,2022-04-21,y,2019-04-04,9999-12-31
396,473,600,active,77,2018-02-10,,2021-05-03,y,2018-02-10,9999-12-31
397,33,150,active,40,2018-09-17,,2020-08-11,y,2018-09-17,9999-12-31
398,121,646,active,26,2018-12-29,,2021-01-10,y,2018-12-29,9999-12-31
399,772,580,inactive,0,2019-07-06,,2020-01-04,y,2019-07-06,9999-12-31
400,443,755,active,29,2018-07-06,,2020-05-06,y,2018-07-06,9999-12-31
401,135,908,active,68,2019-03-24,,2021-02-17,y,2019-03-24,9999-12-31
402,675,730,active,12,2018-04-24,,2022-01-06,y,2018-04-24,9999-12-31
403,484,722,inactive,0,2018-01-31,,2019-10-26,y,2018-01-31,9999-12-31
404,831,653,active,58,2018-06-14,,2022-05-24,y,2018-06-14,9999-12-31
405,485,580,active,32,2018-01-31,,2020-04-14,y,2018-01-31,9999-12-31
406,631,846,active,36,2018-08-22,,2019-12-02,y,2018-08-22,9999-12-31
407,206,39,active,92,2018-01-06,,2020-02-07,y,2018-01-06,9999-12-31
408,1000,88,inactive,0,2018-11-26,,2019-05-02,y,2018-11-26,9999-12-31
409,435,796,active,37,2018-03-28,,2019-05-12,y,2018-03-28,9999-12-31
410,199,609,inactive,0,2019-06-18,,2022-06-13,y,2019-06-18,9999-12-31
411,710,274,inactive,0,2018-03-24,,2019-12-18,y,2018-03-24,9999-12-31
412,949,877,inactive,0,2019-03-07,,2020-09-25,y,2019-03-07,9999-12-31
413,577,970,inactive,0,2018-02-09,,2019-11-14,y,2018-02-09,9999-12-31
414,278,810,active,7,2019-05-23,,2019-04-08,y,2019-05-23,9999-12-31
415,62,465,active,61,2018-07-31,,2020-08-11,y,2018-07-31,9999-12-31
416,181,886,active,78,2018-07-26,,2022-08-19,y,2018-07-26,9999-12-31
417,630,890,inactive,0,2018-09-05,,2019-07-29,y,2018-09-05,9999-12-31
418,957,786,inactive,0,2019-04-10,,2022-06-28,y,2019-04-10,9999-12-31
419,693,635,inactive,0,2019-05-17,,2020-04-02,y,2019-05-17,9999-12-31
420,947,1,inactive,0,2018-01-27,,2021-08-09,y,2018-01-27,9999-12-31
421,338,379,inactive,0,2019-03-19,,2021-02-28,y,2019-03-19,9999-12-31
422,121,266,active,39,2019-05-20,,2020-11-08,y,2019-05-20,9999-12-31
423,96,225,active,17,2018-09-09,,2020-05-20,y,2018-09-09,9999-12-31
424,839,766,inactive,0,2018-08-20,,2018-01-05,y,2018-08-20,9999-12-31
425,413,939,inactive,0,2018-03-10,,2021-10-19,y,2018-03-10,9999-12-31
426,552,660,inactive,0,2018-12-28,,2021-06-10,y,2018-12-28,9999-12-31
427,349,879,active,10,2019-07-13,,2019-07-24,y,2019-07-13,9999-12-31
428,673,208,active,72,2018-03-26,,2022-08-13,y,2018-03-26,9999-12-31
429,578,314,active,96,2019-01-09,,2020-01-26,y,2019-01-09,9999-12-31
430,606,244,active,92,2018-04-01,,2022-08-15,y,2018-04-01,9999-12-31
431,129,326,inactive,0,2018-07-27,,2020-09-15,y,2018-07-27,9999-12-31
432,417,829,active,3,2018-02-11,,2019-02-26,y,2018-02-11,9999-12-31
433,196,993,active,43,2019-06-19,,2018-12-13,y,2019-06-19,9999-12-31
434,657,612,inactive,0,2018-04-12,,2021-10-07,y,2018-04-12,9999-12-31
435,459,70,active,18,2018-05-13,,2021-09-14,y,2018-05-13,9999-12-31
436,100,369,active,85,2019-02-19,,2020-08-05,y,2019-02-19,9999-12-31
437,979,46,inactive,0,2019-07-16,,2020-11-29,y,2019-07-16,9999-12-31
438,398,618,active,40,2019-03-27,,2021-05-12,y,2019-03-27,9999-12-31
439,562,361,active,21,2018-07-11,,2018-01-09,y,2018-07-11,9999-12-31
440,825,585,inactive,0,2018-12-20,,2022-04-02,y,2018-12-20,9999-12-31
441,873,231,inactive,0,2019-05-26,,2020-08-01,y,2019-05-26,9999-12-31
442,464,167,active,48,2019-05-02,,2020-01-14,y,2019-05-02,9999-12-31
443,805,268,inactive,0,2018-08-18,,2021-09-16,y,2018-08-18,9999-12-31
444,139,345,active,54,2018-09-25,,2022-08-05,y,2018-09-25,9999-12-31
445,292,95,inactive,0,2019-04-15,,2019-05-31,y,2019-04-15,9999-12-31
446,136,276,inactive,0,2018-12-13,,2022-01-26,y,2018-12-13,9999-12-31
447,576,334,inactive,0,2018-07-09,,2018-05-08,y,2018-07-09,9999-12-31
448,953,1,active,36,2019-01-23,,2021-07-01,y,2019-01-23,9999-12-31
449,320,948,inactive,0,2019-03-23,,2021-03-02,y,2019-03-23,9999-12-31
450,510,194,active,63,2018-03-16,,2018-05-28,y,2018-03-16,9999-12-31
451,97,775,inactive,0,2018-06-07,,2021-05-13,y,2018-06-07,9999-12-31
452,599,750,active,75,2018-02-21,,2021-07-06,y,2018-02-21,9999-12-31
453,639,933,active,29,2018-10-16,,2019-03-02,y,2018-10-16,9999-12-31
454,368,589,active,21,2019-07-02,,2020-09-01,y,2019-07-02,9999-12-31
455,663,648,active,6,2019-03-14,,2020-01-05,y,2019-03-14,9999-12-31
456,41,900,inactive,0,2019-02-10,,2019-12-02,y,2019-02-10,9999-12-31
457,699,42,inactive,0,2019-01-12,,2021-12-18,y,2019-01-12,9999-12-31
458,323,401,active,53,2019-07-02,,2022-07-21,y,2019-07-02,9999-12-31
459,552,484,active,85,2018-09-13,,2021-10-22,y,2018-09-13,9999-12-31
460,533,424,active,9,2018-08-24,,2020-08-06,y,2018-08-24,9999-12-31
461,776,812,active,2,2018-07-11,,2022-02-07,y,2018-07-11,9999-12-31
462,247,607,inactive,0,2018-12-08,,2018-05-12,y,2018-12-08,9999-12-31
463,953,262,inactive,0,2019-02-25,,2018-02-03,y,2019-02-25,9999-12-31
464,729,466,inactive,0,2019-06-18,,2021-04-01,y,2019-06-18,9999-12-31
465,192,544,active,27,2019-02-23,,2018-09-14,y,2019-02-23,9999-12-31
466,234,535,active,89,2019-02-16,,2019-02-13,y,2019-02-16,9999-12-31
467,404,263,active,89,2019-05-26,,2021-01-31,y,2019-05-26,9999-12-31
468,794,573,inactive,0,2018-10-06,,2020-10-27,y,2018-10-06,9999-12-31
469,944,836,inactive,0,2018-01-09,,2021-05-27,y,2018-01-09,9999-12-31
470,319,430,active,30,2018-07-24,,2020-02-01,y,2018-07-24,9999-12-31
471,135,451,inactive,0,2018-11-29,,2018-10-07,y,2018-11-29,9999-12-31
472,247,435,inactive,0,2018-10-09,,2021-04-11,y,2018-10-09,9999-12-31
473,849,747,active,5,2019-07-20,,2019-06-30,y,2019-07-20,9999-12-31
474,63,329,inactive,0,2019-03-17,,2020-08-27,y,2019-03-17,9999-12-31
475,913,558,inactive,0,2018-09-28,,2018-11-02,y,2018-09-28,9999-12-31
476,691,525,inactive,0,2018-09-25,,2018-03-18,y,2018-09-25,9999-12-31
477,207,96,active,98,2018-11-20,,2020-10-25,y,2018-11-20,9999-12-31
478,96,630,active,79,2018-09-10,,2022-03-06,y,2018-09-10,9999-12-31
479,462,481,inactive,0,2019-07-26,,2020-03-23,y,2019-07-26,9999-12-31
480,655,416,inactive,0,2019-02-23,,2018-03-16,y,2019-02-23,9999-12-31
481,850,22,inactive,0,2019-07-04,,2019-02-17,y,2019-07-04,9999-12-31
482,210,61,active,10,2019-05-28,,2021-10-26,y,2019-05-28,9999-12-31
483,470,380,active,54,2018-01-08,,2019-10-14,y,2018-01-08,9999-12-31
484,273,920,active,83,2018-04-07,,2018-07-31,y,2018-04-07,9999-12-31
485,645,852,inactive,0,2018-05-29,,2021-01-19,y,2018-05-29,9999-12-31
486,652,482,active,93,2018-11-06,,2018-02-22,y,2018-11-06,9999-12-31
487,884,310,inactive,0,2019-02-18,,2022-02-12,y,2019-02-18,9999-12-31
488,611,997,inactive,0,2018-06-12,,2021-03-18,y,2018-06-12,9999-12-31
489,606,297,active,13,2018-05-13,,2019-03-19,y,2018-05-13,9999-12-31
490,456,838,active,50,2019-05-11,,2021-04-05,y,2019-05-11,9999-12-31
491,976,448,inactive,0,2018-08-26,,2021-10-08,y,2018-08-26,9999-12-31
492,129,515,inactive,0,2019-06-21,,2020-11-17,y,2019-06-21,9999-12-31
493,457,160,inactive,0,2018-02-26,,2018-01-25,y,2018-02-26,9999-12-31
494,519,656,inactive,0,2018-04-10,,2021-09-07,y,2018-04-10,9999-12-31
495,707,799,active,15,2019-03-23,,2020-03-04,y,2019-03-23,9999-12-31
496,976,706,inactive,0,2019-05-16,,2019-07-09,y,2019-05-16,9999-12-31
497,520,626,active,95,2018-08-30,,2021-06-05,y,2018-08-30,9999-12-31
498,937,304,active,61,2018-05-10,,2022-05-06,y,2018-05-10,9999-12-31
499,624,268,inactive,0,2019-03-11,,2019-12-06,y,2019-03-11,9999-12-31
500,149,621,inactive,0,2018-10-11,,2022-03-03,y,2018-10-11,9999-12-31
501,72,402,active,72,2018-12-04,,2020-03-18,y,2018-12-04,9999-12-31
502,583,865,inactive,0,2018-10-20,,2018-01-15,y,2018-10-20,9999-12-31
503,754,656,inactive,0,2018-08-12,,2022-02-28,y,2018-08-12,9999-12-31
504,368,286,inactive,0,2018-07-01,,2021-05-04,y,2018-07-01,9999-12-31
505,198,298,active,31,2018-10-04,,2018-08-22,y,2018-10-04,9999-12-31
506,382,8,inactive,0,2018-01-14,,2018-12-04,y,2018-01-14,9999-12-31
507,737,319,inactive,0,2018-04-18,,2019-06-04,y,2018-04-18,9999-12-31
508,860,619,active,90,2019-02-08,,2020-12-23,y,2019-02-08,9999-12-31
509,172,378,active,29,2018-01-21,,2021-09-21,y,2018-01-21,9999-12-31
510,582,118,inactive,0,2019-06-09,,2020-10-02,y,2019-06-09,9999-12-31
511,723,686,inactive,0,2018-04-26,,2021-02-13,y,2018-04-26,9999-12-31
513,599,917,active,21,2019-02-04,,2018-10-16,y,2019-02-04,9999-12-31
514,534,715,inactive,0,2018-02-11,,2021-04-08,y,2018-02-11,9999-12-31
515,184,364,inactive,0,2019-03-04,,2018-12-15,y,2019-03-04,9999-12-31
516,396,792,active,82,2019-07-18,,2021-03-15,y,2019-07-18,9999-12-31
517,47,14,inactive,0,2018-09-10,,2022-01-17,y,2018-09-10,9999-12-31
518,488,509,active,66,2019-02-06,,2022-04-02,y,2019-02-06,9999-12-31
519,153,369,active,40,2019-01-13,,2020-12-29,y,2019-01-13,9999-12-31
520,148,669,inactive,0,2018-06-19,,2020-04-25,y,2018-06-19,9999-12-31
521,216,717,active,82,2019-03-28,,2022-03-22,y,2019-03-28,9999-12-31
522,568,819,active,22,2018-04-17,,2018-05-15,y,2018-04-17,9999-12-31
523,641,766,active,96,2018-08-25,,2022-04-01,y,2018-08-25,9999-12-31
524,441,75,inactive,0,2018-01-04,,2018-02-13,y,2018-01-04,9999-12-31
525,900,203,inactive,0,2018-05-10,,2019-07-14,y,2018-05-10,9999-12-31
526,684,535,active,69,2019-06-10,,2018-03-18,y,2019-06-10,9999-12-31
527,16,869,inactive,0,2018-10-20,,2022-07-01,y,2018-10-20,9999-12-31
528,203,334,inactive,0,2019-05-10,,2020-10-29,y,2019-05-10,9999-12-31
529,770,214,active,40,2018-08-21,,2021-08-28,y,2018-08-21,9999-12-31
530,416,555,active,62,2018-06-21,,2018-03-11,y,2018-06-21,9999-12-31
531,104,704,active,33,2019-03-20,,2019-09-11,y,2019-03-20,9999-12-31
532,239,164,inactive,0,2019-05-24,,2021-05-15,y,2019-05-24,9999-12-31
533,465,156,active,83,2018-02-21,,2022-01-25,y,2018-02-21,9999-12-31
534,107,801,inactive,0,2019-01-19,,2020-07-18,y,2019-01-19,9999-12-31
535,70,948,active,53,2019-01-06,,2019-03-20,y,2019-01-06,9999-12-31
536,241,211,active,5,2018-01-05,,2021-10-07,y,2018-01-05,9999-12-31
537,765,78,active,53,2018-03-26,,2020-10-20,y,2018-03-26,9999-12-31
538,963,135,inactive,0,2019-05-04,,2019-04-25,y,2019-05-04,9999-12-31
539,948,511,active,59,2018-11-30,,2020-10-07,y,2018-11-30,9999-12-31
540,522,154,active,95,2018-07-10,,2018-07-12,y,2018-07-10,9999-12-31
541,419,644,active,70,2019-01-01,,2021-01-07,y,2019-01-01,9999-12-31
542,29,578,active,33,2018-10-13,,2020-07-05,y,2018-10-13,9999-12-31
543,114,424,inactive,0,2019-06-08,,2020-08-22,y,2019-06-08,9999-12-31
544,330,322,active,43,2018-11-19,,2019-03-23,y,2018-11-19,9999-12-31
545,454,101,inactive,0,2018-07-03,,2018-09-15,y,2018-07-03,9999-12-31
546,235,191,active,30,2019-07-18,,2018-06-06,y,2019-07-18,9999-12-31
547,410,887,active,91,2018-10-30,,2022-03-19,y,2018-10-30,9999-12-31
548,893,699,active,18,2019-03-31,,2020-09-21,y,2019-03-31,9999-12-31
549,728,783,inactive,0,2018-02-24,,2021-04-21,y,2018-02-24,9999-12-31
550,6,831,inactive,0,2019-05-29,,2021-06-08,y,2019-05-29,9999-12-31
551,130,747,active,89,2018-01-04,,2019-05-25,y,2018-01-04,9999-12-31
552,59,532,active,27,2018-06-11,,2021-10-06,y,2018-06-11,9999-12-31
553,363,73,active,82,2018-08-06,,2020-06-25,y,2018-08-06,9999-12-31
554,395,314,inactive,0,2019-04-06,,2020-04-17,y,2019-04-06,9999-12-31
555,136,145,inactive,0,2018-02-06,,2020-11-26,y,2018-02-06,9999-12-31
556,460,593,inactive,0,2019-06-28,,2019-11-12,y,2019-06-28,9999-12-31
557,134,500,active,71,2019-05-22,,2021-05-15,y,2019-05-22,9999-12-31
558,788,881,inactive,0,2018-03-28,,2021-07-26,y,2018-03-28,9999-12-31
559,82,556,active,63,2018-07-23,,2019-12-28,y,2018-07-23,9999-12-31
560,755,372,inactive,0,2018-06-21,,2018-05-04,y,2018-06-21,9999-12-31
561,604,2,inactive,0,2019-02-18,,2021-09-30,y,2019-02-18,9999-12-31
562,205,260,inactive,0,2018-01-12,,2021-03-24,y,2018-01-12,9999-12-31
563,432,10,inactive,0,2018-10-05,,2018-05-19,y,2018-10-05,9999-12-31
564,842,330,inactive,0,2019-07-03,,2019-03-09,y,2019-07-03,9999-12-31
565,987,970,inactive,0,2018-05-13,,2020-09-19,y,2018-05-13,9999-12-31
566,789,462,active,58,2018-11-12,,2021-05-11,y,2018-11-12,9999-12-31
567,650,905,inactive,0,2019-07-16,,2020-06-22,y,2019-07-16,9999-12-31
568,595,445,active,73,2018-11-13,,2019-12-08,y,2018-11-13,9999-12-31
569,385,323,inactive,0,2018-02-23,,2018-12-28,y,2018-02-23,9999-12-31
570,27,980,active,39,2019-06-03,,2018-03-02,y,2019-06-03,9999-12-31
571,748,185,active,61,2019-05-26,,2019-10-24,y,2019-05-26,9999-12-31
572,611,406,inactive,0,2018-04-23,,2021-05-03,y,2018-04-23,9999-12-31
573,117,781,inactive,0,2018-11-01,,2021-11-29,y,2018-11-01,9999-12-31
574,422,817,inactive,0,2018-01-12,,2019-07-23,y,2018-01-12,9999-12-31
575,328,239,active,21,2019-06-22,,2019-09-28,y,2019-06-22,9999-12-31
576,165,288,active,88,2019-03-04,,2019-08-23,y,2019-03-04,9999-12-31
577,65,117,inactive,0,2018-11-06,,2022-06-29,y,2018-11-06,9999-12-31
578,464,566,inactive,0,2019-01-27,,2019-06-01,y,2019-01-27,9999-12-31
579,431,785,inactive,0,2018-01-22,,2018-03-15,y,2018-01-22,9999-12-31
580,31,494,active,100,2018-08-30,2018-08-30,2020-11-05,y,2018-08-30,9999-12-31
581,896,33,inactive,0,2019-02-21,,2018-07-26,y,2019-02-21,9999-12-31
582,645,871,active,5,2018-11-07,,2022-06-22,y,2018-11-07,9999-12-31
583,553,209,inactive,0,2018-09-28,,2022-07-21,y,2018-09-28,9999-12-31
584,273,552,active,50,2019-03-10,,2019-10-14,y,2019-03-10,9999-12-31
585,863,947,inactive,0,2018-01-21,,2018-01-03,y,2018-01-21,9999-12-31
586,82,92,inactive,0,2018-11-14,,2020-01-06,y,2018-11-14,9999-12-31
587,829,875,inactive,0,2018-09-17,,2020-06-23,y,2018-09-17,9999-12-31
588,195,995,active,52,2019-06-14,,2019-03-09,y,2019-06-14,9999-12-31
589,143,307,inactive,0,2019-02-20,,2022-07-28,y,2019-02-20,9999-12-31
590,124,241,active,100,2018-01-27,2018-01-27,2022-05-28,y,2018-01-27,9999-12-31
591,143,275,active,37,2019-04-04,,2018-06-23,y,2019-04-04,9999-12-31
592,704,62,inactive,0,2019-04-11,,2020-09-11,y,2019-04-11,9999-12-31
593,30,978,active,5,2019-07-13,,2019-12-17,y,2019-07-13,9999-12-31
594,884,766,active,2,2018-08-27,,2021-09-21,y,2018-08-27,9999-12-31
595,608,804,inactive,0,2018-01-31,,2019-06-09,y,2018-01-31,9999-12-31
596,586,778,active,1,2018-01-19,,2018-07-19,y,2018-01-19,9999-12-31
597,313,412,active,58,2018-06-16,,2021-06-03,y,2018-06-16,9999-12-31
598,58,958,inactive,0,2018-05-16,,2021-03-16,y,2018-05-16,9999-12-31
599,281,372,active,30,2018-01-12,,2019-12-27,y,2018-01-12,9999-12-31
600,244,378,inactive,0,2018-09-02,,2019-12-14,y,2018-09-02,9999-12-31
601,744,631,active,42,2018-06-01,,2019-09-18,y,2018-06-01,9999-12-31
602,912,85,inactive,0,2019-06-08,,2018-07-03,y,2019-06-08,9999-12-31
603,23,167,inactive,0,2019-04-28,,2021-02-08,y,2019-04-28,9999-12-31
604,180,655,active,51,2018-01-14,,2018-11-16,y,2018-01-14,9999-12-31
605,32,733,inactive,0,2018-03-15,,2022-04-22,y,2018-03-15,9999-12-31
606,508,806,inactive,0,2019-04-12,,2019-04-09,y,2019-04-12,9999-12-31
607,116,186,inactive,0,2018-05-01,,2019-05-25,y,2018-05-01,9999-12-31
608,675,728,inactive,0,2018-06-14,,2018-11-16,y,2018-06-14,9999-12-31
609,301,872,active,44,2019-01-21,,2022-06-01,y,2019-01-21,9999-12-31
610,908,353,inactive,0,2019-04-17,,2019-04-02,y,2019-04-17,9999-12-31
611,794,980,inactive,0,2018-02-06,,2019-10-25,y,2018-02-06,9999-12-31
612,996,161,inactive,0,2019-01-24,,2019-05-29,y,2019-01-24,9999-12-31
613,832,287,inactive,0,2019-04-23,,2022-05-02,y,2019-04-23,9999-12-31
614,843,417,active,76,2019-05-26,,2022-02-12,y,2019-05-26,9999-12-31
615,34,297,inactive,0,2018-07-03,,2020-09-26,y,2018-07-03,9999-12-31
616,367,467,active,72,2018-05-29,,2022-07-01,y,2018-05-29,9999-12-31
617,807,340,active,42,2018-06-25,,2018-04-27,y,2018-06-25,9999-12-31
618,148,295,inactive,0,2018-11-27,,2019-10-07,y,2018-11-27,9999-12-31
619,587,101,active,11,2018-11-30,,2019-07-09,y,2018-11-30,9999-12-31
620,887,812,inactive,0,2018-04-13,,2020-05-16,y,2018-04-13,9999-12-31
621,761,75,active,97,2018-01-16,,2021-12-07,y,2018-01-16,9999-12-31
622,181,238,inactive,0,2018-11-23,,2022-04-21,y,2018-11-23,9999-12-31
623,445,208,inactive,0,2019-01-19,,2019-05-27,y,2019-01-19,9999-12-31
624,514,134,active,24,2018-03-10,,2020-03-25,y,2018-03-10,9999-12-31
625,895,235,active,61,2018-08-28,,2020-09-04,y,2018-08-28,9999-12-31
626,55,258,active,23,2018-12-01,,2020-07-24,y,2018-12-01,9999-12-31
627,515,369,inactive,0,2018-03-22,,2020-10-29,y,2018-03-22,9999-12-31
628,893,440,active,89,2018-12-30,,2021-02-21,y,2018-12-30,9999-12-31
629,983,793,inactive,0,2018-07-26,,2018-03-26,y,2018-07-26,9999-12-31
630,904,421,inactive,0,2018-09-16,,2019-11-11,y,2018-09-16,9999-12-31
631,116,770,active,67,2018-04-04,,2021-11-22,y,2018-04-04,9999-12-31
632,980,106,inactive,0,2019-04-16,,2018-12-02,y,2019-04-16,9999-12-31
633,611,14,inactive,0,2018-06-09,,2022-01-08,y,2018-06-09,9999-12-31
634,794,126,active,50,2018-09-10,,2018-12-06,y,2018-09-10,9999-12-31
635,600,470,inactive,0,2018-05-19,,2022-08-22,y,2018-05-19,9999-12-31
636,991,142,inactive,0,2018-08-08,,2019-07-08,y,2018-08-08,9999-12-31
637,982,847,inactive,0,2019-06-20,,2022-01-06,y,2019-06-20,9999-12-31
638,236,931,active,55,2019-05-11,,2019-05-30,y,2019-05-11,9999-12-31
639,271,490,active,99,2018-10-22,,2019-05-13,y,2018-10-22,9999-12-31
640,824,837,inactive,0,2018-04-09,,2021-10-15,y,2018-04-09,9999-12-31
641,333,409,inactive,0,2018-10-26,,2021-03-15,y,2018-10-26,9999-12-31
642,984,982,inactive,0,2018-05-07,,2021-11-23,y,2018-05-07,9999-12-31
643,561,586,inactive,0,2018-02-27,,2019-09-05,y,2018-02-27,9999-12-31
644,254,206,active,28,2018-04-22,,2022-03-11,y,2018-04-22,9999-12-31
645,693,458,active,37,2018-08-03,,2019-09-04,y,2018-08-03,9999-12-31
646,757,248,inactive,0,2018-08-07,,2020-05-10,y,2018-08-07,9999-12-31
647,652,680,inactive,0,2019-03-10,,2018-08-23,y,2019-03-10,9999-12-31
648,822,309,inactive,0,2018-06-24,,2019-04-29,y,2018-06-24,9999-12-31
649,345,561,inactive,0,2019-02-05,,2022-03-30,y,2019-02-05,9999-12-31
650,715,985,active,15,2018-08-30,,2019-04-22,y,2018-08-30,9999-12-31
651,818,299,active,26,2018-06-17,,2021-09-10,y,2018-06-17,9999-12-31
652,829,674,active,60,2018-08-19,,2022-07-04,y,2018-08-19,9999-12-31
653,953,17,active,83,2018-11-02,,2018-07-24,y,2018-11-02,9999-12-31
654,441,712,active,44,2019-05-05,,2021-05-31,y,2019-05-05,9999-12-31
655,728,134,inactive,0,2018-11-08,,2018-08-06,y,2018-11-08,9999-12-31
656,975,271,active,14,2018-09-09,,2022-04-13,y,2018-09-09,9999-12-31
657,253,348,inactive,0,2018-11-24,,2021-05-21,y,2018-11-24,9999-12-31
658,561,214,active,92,2019-03-06,,2020-11-28,y,2019-03-06,9999-12-31
659,384,346,inactive,0,2018-12-05,,2019-10-28,y,2018-12-05,9999-12-31
660,164,66,active,18,2019-07-16,,2021-05-27,y,2019-07-16,9999-12-31
661,371,283,active,68,2018-03-01,,2020-07-29,y,2018-03-01,9999-12-31
662,811,460,active,15,2018-04-20,,2018-12-09,y,2018-04-20,9999-12-31
663,291,774,inactive,0,2018-02-15,,2019-07-29,y,2018-02-15,9999-12-31
664,300,762,inactive,0,2018-06-13,,2020-04-19,y,2018-06-13,9999-12-31
665,595,74,inactive,0,2019-02-03,,2019-01-30,y,2019-02-03,9999-12-31
666,984,165,active,99,2019-04-05,,2020-04-26,y,2019-04-05,9999-12-31
667,735,472,active,92,2019-04-01,,2019-09-01,y,2019-04-01,9999-12-31
668,21,352,active,64,2018-07-15,,2020-03-19,y,2018-07-15,9999-12-31
669,332,772,inactive,0,2019-05-07,,2020-03-10,y,2019-05-07,9999-12-31
670,797,523,inactive,0,2019-04-23,,2018-05-20,y,2019-04-23,9999-12-31
671,615,538,inactive,0,2019-07-15,,2022-06-07,y,2019-07-15,9999-12-31
672,958,817,inactive,0,2019-01-11,,2022-02-12,y,2019-01-11,9999-12-31
673,968,996,inactive,0,2018-01-22,,2018-04-27,y,2018-01-22,9999-12-31
674,805,244,active,46,2018-03-27,,2018-08-27,y,2018-03-27,9999-12-31
675,591,195,inactive,0,2018-12-05,,2020-10-05,y,2018-12-05,9999-12-31
676,955,308,active,8,2019-01-06,,2019-03-15,y,2019-01-06,9999-12-31
677,996,442,active,98,2018-01-24,,2018-04-15,y,2018-01-24,9999-12-31
678,755,608,inactive,0,2019-02-13,,2021-10-04,y,2019-02-13,9999-12-31
679,392,304,inactive,0,2018-09-29,,2018-08-11,y,2018-09-29,9999-12-31
680,829,603,inactive,0,2018-10-14,,2022-05-05,y,2018-10-14,9999-12-31
681,676,271,inactive,0,2018-08-27,,2020-07-01,y,2018-08-27,9999-12-31
682,718,109,active,40,2019-04-26,,2019-12-07,y,2019-04-26,9999-12-31
683,703,425,active,88,2019-06-22,,2021-08-06,y,2019-06-22,9999-12-31
684,187,363,inactive,0,2018-06-11,,2019-11-24,y,2018-06-11,9999-12-31
685,905,784,inactive,0,2018-07-14,,2020-04-09,y,2018-07-14,9999-12-31
686,838,614,inactive,0,2018-05-11,,2019-10-20,y,2018-05-11,9999-12-31
687,705,541,active,47,2019-06-10,,2019-05-11,y,2019-06-10,9999-12-31
688,12,423,active,44,2018-11-19,,2019-01-25,y,2018-11-19,9999-12-31
689,76,649,inactive,0,2018-03-09,,2020-12-11,y,2018-03-09,9999-12-31
690,931,976,inactive,0,2018-02-18,,2021-09-03,y,2018-02-18,9999-12-31
691,326,126,active,100,2019-05-29,2019-05-29,2022-03-08,y,2019-05-29,9999-12-31
692,843,242,active,79,2019-05-26,,2018-02-15,y,2019-05-26,9999-12-31
693,639,848,inactive,0,2018-11-06,,2018-05-11,y,2018-11-06,9999-12-31
694,514,755,active,16,2018-05-26,,2021-03-16,y,2018-05-26,9999-12-31
695,197,36,active,71,2019-04-01,,2019-09-03,y,2019-04-01,9999-12-31
696,984,652,active,75,2019-02-28,,2019-10-02,y,2019-02-28,9999-12-31
697,940,750,active,6,2018-08-29,,2020-10-30,y,2018-08-29,9999-12-31
698,248,701,active,93,2019-05-08,,2021-12-27,y,2019-05-08,9999-12-31
699,367,102,active,25,2018-01-25,,2021-01-27,y,2018-01-25,9999-12-31
700,818,113,inactive,0,2019-05-05,,2022-04-11,y,2019-05-05,9999-12-31
701,136,511,inactive,0,2019-04-22,,2022-05-16,y,2019-04-22,9999-12-31
702,53,674,inactive,0,2018-02-10,,2020-02-07,y,2018-02-10,9999-12-31
703,268,209,inactive,0,2018-04-26,,2019-08-10,y,2018-04-26,9999-12-31
704,225,901,inactive,0,2019-02-08,,2021-06-01,y,2019-02-08,9999-12-31
705,101,364,active,64,2018-07-13,,2018-02-03,y,2018-07-13,9999-12-31
706,443,915,inactive,0,2018-02-10,,2020-10-28,y,2018-02-10,9999-12-31
707,100,488,active,74,2018-10-17,,2022-06-19,y,2018-10-17,9999-12-31
708,731,821,inactive,0,2019-07-25,,2018-12-08,y,2019-07-25,9999-12-31
709,690,678,inactive,0,2018-11-12,,2018-08-28,y,2018-11-12,9999-12-31
710,741,837,inactive,0,2018-11-01,,2021-07-08,y,2018-11-01,9999-12-31
711,946,630,active,4,2019-01-07,,2021-07-13,y,2019-01-07,9999-12-31
712,277,128,active,58,2018-10-26,,2020-07-13,y,2018-10-26,9999-12-31
713,337,529,inactive,0,2019-04-29,,2021-05-27,y,2019-04-29,9999-12-31
714,403,78,inactive,0,2019-04-24,,2021-09-05,y,2019-04-24,9999-12-31
715,950,94,active,16,2019-03-23,,2020-07-12,y,2019-03-23,9999-12-31
716,347,433,inactive,0,2018-06-02,,2018-06-01,y,2018-06-02,9999-12-31
717,926,213,active,74,2019-04-06,,2018-05-04,y,2019-04-06,9999-12-31
718,170,678,inactive,0,2019-07-07,,2022-08-20,y,2019-07-07,9999-12-31
719,341,586,active,7,2018-11-07,,2020-01-24,y,2018-11-07,9999-12-31
720,827,998,active,93,2019-06-14,,2020-08-19,y,2019-06-14,9999-12-31
721,803,956,inactive,0,2018-02-18,,2021-03-05,y,2018-02-18,9999-12-31
722,636,710,inactive,0,2018-09-05,,2019-01-10,y,2018-09-05,9999-12-31
723,90,690,inactive,0,2018-12-27,,2018-11-09,y,2018-12-27,9999-12-31
724,589,715,active,30,2019-03-10,,2019-04-05,y,2019-03-10,9999-12-31
725,149,79,active,43,2019-07-19,,2021-05-25,y,2019-07-19,9999-12-31
726,567,833,active,76,2018-08-19,,2021-09-21,y,2018-08-19,9999-12-31
727,751,301,inactive,0,2019-06-18,,2018-08-15,y,2019-06-18,9999-12-31
728,713,780,inactive,0,2018-02-27,,2019-11-15,y,2018-02-27,9999-12-31
729,65,294,active,47,2018-06-24,,2018-06-17,y,2018-06-24,9999-12-31
730,435,990,active,74,2018-07-04,,2020-12-03,y,2018-07-04,9999-12-31
731,608,835,active,42,2019-01-16,,2020-04-19,y,2019-01-16,9999-12-31
732,745,630,inactive,0,2018-01-05,,2018-08-21,y,2018-01-05,9999-12-31
733,57,322,inactive,0,2018-01-29,,2020-10-02,y,2018-01-29,9999-12-31
734,164,908,active,72,2019-06-26,,2019-12-19,y,2019-06-26,9999-12-31
735,469,888,active,2,2018-01-21,,2021-04-18,y,2018-01-21,9999-12-31
736,693,58,inactive,0,2018-06-02,,2021-11-13,y,2018-06-02,9999-12-31
737,134,601,active,40,2019-07-19,,2020-09-23,y,2019-07-19,9999-12-31
738,8,984,active,53,2018-05-04,,2018-03-26,y,2018-05-04,9999-12-31
739,49,470,inactive,0,2019-02-27,,2018-12-02,y,2019-02-27,9999-12-31
740,250,112,inactive,0,2019-02-24,,2021-01-05,y,2019-02-24,9999-12-31
741,830,192,active,92,2019-04-18,,2022-05-10,y,2019-04-18,9999-12-31
742,707,459,active,2,2018-06-28,,2020-08-05,y,2018-06-28,9999-12-31
743,813,783,inactive,0,2018-02-23,,2018-09-04,y,2018-02-23,9999-12-31
744,850,581,active,59,2018-06-10,,2018-06-22,y,2018-06-10,9999-12-31
745,85,749,active,83,2018-10-10,,2020-03-19,y,2018-10-10,9999-12-31
746,30,283,inactive,0,2019-07-19,,2018-05-23,y,2019-07-19,9999-12-31
747,390,462,inactive,0,2019-01-07,,2022-04-04,y,2019-01-07,9999-12-31
748,668,161,active,95,2019-02-28,,2019-05-17,y,2019-02-28,9999-12-31
749,679,689,active,11,2019-03-09,,2021-05-21,y,2019-03-09,9999-12-31
750,383,698,inactive,0,2019-07-02,,2020-05-22,y,2019-07-02,9999-12-31
751,779,263,inactive,0,2019-05-29,,2018-07-28,y,2019-05-29,9999-12-31
752,309,965,active,48,2018-12-15,,2018-06-09,y,2018-12-15,9999-12-31
753,868,703,inactive,0,2019-01-29,,2019-11-26,y,2019-01-29,9999-12-31
754,869,374,active,66,2018-12-27,,2020-09-03,y,2018-12-27,9999-12-31
755,269,570,inactive,0,2019-01-24,,2021-07-01,y,2019-01-24,9999-12-31
756,973,852,active,98,2019-01-04,,2018-11-24,y,2019-01-04,9999-12-31
757,600,146,active,99,2018-10-10,,2020-11-19,y,2018-10-10,9999-12-31
758,458,618,inactive,0,2018-09-11,,2020-08-28,y,2018-09-11,9999-12-31
759,553,510,active,44,2018-08-31,,2020-01-01,y,2018-08-31,9999-12-31
760,31,82,active,52,2018-09-22,,2019-01-18,y,2018-09-22,9999-12-31
761,83,148,inactive,0,2018-04-13,,2021-07-30,y,2018-04-13,9999-12-31
762,201,491,active,82,2018-06-12,,2018-02-03,y,2018-06-12,9999-12-31
763,486,922,inactive,0,2018-12-15,,2018-07-26,y,2018-12-15,9999-12-31
764,823,862,active,56,2018-12-28,,2019-06-09,y,2018-12-28,9999-12-31
765,761,260,inactive,0,2018-10-24,,2018-07-02,y,2018-10-24,9999-12-31
766,960,967,inactive,0,2019-01-23,,2022-01-20,y,2019-01-23,9999-12-31
767,534,909,inactive,0,2018-11-07,,2020-05-21,y,2018-11-07,9999-12-31
768,47,476,active,44,2018-01-09,,2019-12-31,y,2018-01-09,9999-12-31
769,472,389,active,3,2019-07-22,,2020-01-30,y,2019-07-22,9999-12-31
770,992,919,inactive,0,2018-05-18,,2022-04-16,y,2018-05-18,9999-12-31
771,253,46,active,7,2019-07-18,,2018-05-05,y,2019-07-18,9999-12-31
772,341,661,active,72,2018-07-31,,2020-08-13,y,2018-07-31,9999-12-31
773,844,855,active,36,2019-01-27,,2020-11-15,y,2019-01-27,9999-12-31
774,418,561,inactive,0,2018-11-17,,2020-06-12,y,2018-11-17,9999-12-31
775,177,649,active,15,2018-06-29,,2020-11-23,y,2018-06-29,9999-12-31
776,199,206,inactive,0,2019-02-22,,2019-01-25,y,2019-02-22,9999-12-31
777,309,190,active,34,2018-04-23,,2019-05-29,y,2018-04-23,9999-12-31
778,742,256,active,72,2018-03-04,,2019-02-05,y,2018-03-04,9999-12-31
779,767,548,active,83,2018-10-06,,2020-02-08,y,2018-10-06,9999-12-31
780,913,848,active,32,2019-05-11,,2021-03-29,y,2019-05-11,9999-12-31
781,668,697,inactive,0,2018-01-08,,2018-10-13,y,2018-01-08,9999-12-31
782,929,854,inactive,0,2019-07-07,,2020-08-19,y,2019-07-07,9999-12-31
783,154,613,active,73,2018-08-25,,2021-02-19,y,2018-08-25,9999-12-31
784,241,280,inactive,0,2018-11-22,,2018-01-02,y,2018-11-22,9999-12-31
785,103,742,active,1,2019-03-20,,2018-11-15,y,2019-03-20,9999-12-31
786,42,305,inactive,0,2018-05-28,,2021-12-18,y,2018-05-28,9999-12-31
787,597,7,active,58,2019-07-27,,2018-11-18,y,2019-07-27,9999-12-31
788,136,866,inactive,0,2018-06-01,,2018-04-15,y,2018-06-01,9999-12-31
789,526,26,inactive,0,2018-05-28,,2021-05-18,y,2018-05-28,9999-12-31
790,686,917,active,59,2018-11-07,,2020-09-28,y,2018-11-07,9999-12-31
791,423,317,inactive,0,2019-06-02,,2019-09-26,y,2019-06-02,9999-12-31
792,823,161,inactive,0,2019-03-20,,2018-05-09,y,2019-03-20,9999-12-31
793,102,404,active,19,2019-01-20,,2019-11-26,y,2019-01-20,9999-12-31
794,66,480,inactive,0,2018-12-15,,2020-12-12,y,2018-12-15,9999-12-31
795,280,78,inactive,0,2018-01-01,,2021-02-15,y,2018-01-01,9999-12-31
796,853,104,active,59,2018-11-21,,2019-02-19,y,2018-11-21,9999-12-31
797,921,614,active,94,2018-11-19,,2022-04-30,y,2018-11-19,9999-12-31
798,489,858,active,7,2019-04-07,,2019-03-25,y,2019-04-07,9999-12-31
799,862,97,inactive,0,2019-06-19,,2019-01-04,y,2019-06-19,9999-12-31
800,361,762,active,37,2019-05-11,,2020-11-22,y,2019-05-11,9999-12-31
801,38,592,inactive,0,2018-08-13,,2022-08-10,y,2018-08-13,9999-12-31
802,251,827,inactive,0,2019-07-12,,2022-08-28,y,2019-07-12,9999-12-31
803,184,811,inactive,0,2018-04-26,,2022-02-26,y,2018-04-26,9999-12-31
804,315,646,inactive,0,2019-01-11,,2018-10-13,y,2019-01-11,9999-12-31
805,504,61,inactive,0,2019-04-05,,2020-09-06,y,2019-04-05,9999-12-31
806,88,709,active,47,2018-06-11,,2019-01-06,y,2018-06-11,9999-12-31
807,672,233,inactive,0,2018-05-09,,2021-12-14,y,2018-05-09,9999-12-31
808,49,652,inactive,0,2019-06-25,,2018-01-19,y,2019-06-25,9999-12-31
809,804,483,inactive,0,2018-05-17,,2020-01-24,y,2018-05-17,9999-12-31
810,931,235,active,96,2019-07-27,,2020-08-03,y,2019-07-27,9999-12-31
811,937,854,inactive,0,2019-05-06,,2020-08-22,y,2019-05-06,9999-12-31
812,755,454,inactive,0,2019-05-04,,2021-01-23,y,2019-05-04,9999-12-31
813,180,722,inactive,0,2019-07-12,,2018-12-23,y,2019-07-12,9999-12-31
814,580,844,inactive,0,2018-03-15,,2022-02-12,y,2018-03-15,9999-12-31
815,421,555,inactive,0,2019-07-26,,2021-03-31,y,2019-07-26,9999-12-31
816,680,69,inactive,0,2018-03-28,,2020-01-25,y,2018-03-28,9999-12-31
817,454,6,inactive,0,2018-04-10,,2021-07-19,y,2018-04-10,9999-12-31
818,576,250,inactive,0,2019-01-27,,2021-01-15,y,2019-01-27,9999-12-31
819,130,118,active,42,2018-04-02,,2022-03-28,y,2018-04-02,9999-12-31
820,591,141,inactive,0,2018-02-17,,2020-10-17,y,2018-02-17,9999-12-31
821,283,922,inactive,0,2018-03-17,,2022-03-22,y,2018-03-17,9999-12-31
822,883,728,active,33,2019-05-28,,2020-11-28,y,2019-05-28,9999-12-31
823,671,702,inactive,0,2018-06-11,,2020-01-18,y,2018-06-11,9999-12-31
824,41,874,inactive,0,2018-06-13,,2022-02-12,y,2018-06-13,9999-12-31
825,744,993,inactive,0,2019-04-03,,2020-05-07,y,2019-04-03,9999-12-31
826,156,85,active,51,2018-02-12,,2019-04-14,y,2018-02-12,9999-12-31
827,32,899,inactive,0,2018-03-10,,2018-10-06,y,2018-03-10,9999-12-31
828,535,62,inactive,0,2018-04-01,,2019-09-25,y,2018-04-01,9999-12-31
829,711,48,active,76,2018-07-05,,2020-01-21,y,2018-07-05,9999-12-31
830,696,284,inactive,0,2019-05-24,,2021-11-03,y,2019-05-24,9999-12-31
831,239,941,inactive,0,2019-02-16,,2021-12-30,y,2019-02-16,9999-12-31
832,379,798,active,88,2019-01-16,,2018-08-19,y,2019-01-16,9999-12-31
833,893,498,inactive,0,2018-01-03,,2020-01-31,y,2018-01-03,9999-12-31
834,726,926,active,32,2019-07-06,,2021-05-13,y,2019-07-06,9999-12-31
835,264,918,active,84,2019-04-21,,2019-02-08,y,2019-04-21,9999-12-31
836,514,508,inactive,0,2019-03-01,,2021-05-01,y,2019-03-01,9999-12-31
837,915,721,active,92,2019-04-01,,2020-10-12,y,2019-04-01,9999-12-31
838,507,173,inactive,0,2019-03-23,,2020-09-08,y,2019-03-23,9999-12-31
839,809,941,active,59,2019-07-18,,2021-08-10,y,2019-07-18,9999-12-31
840,311,569,inactive,0,2019-05-22,,2018-07-14,y,2019-05-22,9999-12-31
841,699,349,active,35,2018-04-08,,2022-05-31,y,2018-04-08,9999-12-31
842,726,263,inactive,0,2018-11-23,,2019-06-03,y,2018-11-23,9999-12-31
843,498,604,active,88,2018-06-22,,2022-01-27,y,2018-06-22,9999-12-31
844,593,455,inactive,0,2019-05-27,,2020-09-24,y,2019-05-27,9999-12-31
845,324,958,inactive,0,2018-04-28,,2022-03-05,y,2018-04-28,9999-12-31
846,915,165,active,91,2019-05-09,,2019-08-24,y,2019-05-09,9999-12-31
847,711,170,inactive,0,2018-03-21,,2019-10-23,y,2018-03-21,9999-12-31
848,569,140,inactive,0,2018-05-14,,2022-05-04,y,2018-05-14,9999-12-31
849,577,706,active,78,2019-01-15,,2018-12-24,y,2019-01-15,9999-12-31
850,424,74,active,97,2018-04-17,,2018-10-28,y,2018-04-17,9999-12-31
851,589,191,inactive,0,2019-01-27,,2022-08-19,y,2019-01-27,9999-12-31
852,276,136,active,83,2019-04-08,,2021-02-01,y,2019-04-08,9999-12-31
853,570,546,inactive,0,2018-10-29,,2021-08-17,y,2018-10-29,9999-12-31
854,235,734,inactive,0,2018-02-18,,2020-01-02,y,2018-02-18,9999-12-31
855,152,197,inactive,0,2018-05-24,,2019-12-17,y,2018-05-24,9999-12-31
856,463,767,inactive,0,2019-05-13,,2021-01-19,y,2019-05-13,9999-12-31
857,947,791,inactive,0,2018-12-03,,2019-05-26,y,2018-12-03,9999-12-31
858,24,575,active,93,2019-01-31,,2018-01-24,y,2019-01-31,9999-12-31
859,846,431,inactive,0,2019-01-22,,2020-09-28,y,2019-01-22,9999-12-31
860,974,269,active,34,2019-01-02,,2022-08-14,y,2019-01-02,9999-12-31
861,489,165,inactive,0,2018-10-12,,2019-09-28,y,2018-10-12,9999-12-31
862,15,452,active,96,2019-07-29,,2022-04-06,y,2019-07-29,9999-12-31
863,413,2,inactive,0,2018-07-23,,2020-04-02,y,2018-07-23,9999-12-31
864,696,761,inactive,0,2018-08-18,,2019-04-11,y,2018-08-18,9999-12-31
865,196,742,inactive,0,2019-07-01,,2018-11-28,y,2019-07-01,9999-12-31
866,562,435,active,93,2019-03-01,,2018-09-06,y,2019-03-01,9999-12-31
867,439,897,inactive,0,2018-08-17,,2020-08-29,y,2018-08-17,9999-12-31
868,623,423,inactive,0,2019-01-29,,2019-04-06,y,2019-01-29,9999-12-31
869,980,814,inactive,0,2019-07-31,,2019-01-07,y,2019-07-31,9999-12-31
870,528,442,active,29,2018-03-01,,2021-06-02,y,2018-03-01,9999-12-31
871,676,934,active,50,2018-11-20,,2022-06-18,y,2018-11-20,9999-12-31
872,939,120,active,8,2018-01-25,,2019-02-20,y,2018-01-25,9999-12-31
873,514,996,active,59,2018-02-23,,2019-05-09,y,2018-02-23,9999-12-31
874,390,847,inactive,0,2018-11-05,,2020-12-16,y,2018-11-05,9999-12-31
875,359,313,inactive,0,2019-03-30,,2021-08-26,y,2019-03-30,9999-12-31
876,560,620,inactive,0,2019-04-30,,2018-02-21,y,2019-04-30,9999-12-31
877,980,7,active,79,2019-05-19,,2022-04-01,y,2019-05-19,9999-12-31
878,882,389,inactive,0,2018-01-21,,2020-08-01,y,2018-01-21,9999-12-31
879,989,296,inactive,0,2019-05-12,,2019-10-23,y,2019-05-12,9999-12-31
880,793,843,active,54,2018-10-21,,2021-03-05,y,2018-10-21,9999-12-31
881,871,510,active,82,2019-01-21,,2019-06-28,y,2019-01-21,9999-12-31
882,558,773,active,59,2018-01-31,,2020-08-03,y,2018-01-31,9999-12-31
883,40,76,active,14,2019-05-28,,2021-07-06,y,2019-05-28,9999-12-31
884,43,719,inactive,0,2018-12-09,,2020-10-05,y,2018-12-09,9999-12-31
885,692,876,active,50,2019-05-09,,2020-04-08,y,2019-05-09,9999-12-31
886,410,811,inactive,0,2018-05-16,,2018-05-29,y,2018-05-16,9999-12-31
887,703,148,inactive,0,2018-06-20,,2020-03-23,y,2018-06-20,9999-12-31
888,903,531,active,90,2018-08-03,,2021-08-24,y,2018-08-03,9999-12-31
889,204,530,active,97,2018-05-29,,2021-06-12,y,2018-05-29,9999-12-31
890,895,443,inactive,0,2018-07-29,,2018-02-02,y,2018-07-29,9999-12-31
891,890,952,inactive,0,2019-01-31,,2020-03-23,y,2019-01-31,9999-12-31
892,701,491,active,76,2018-07-10,,2020-01-22,y,2018-07-10,9999-12-31
893,737,440,inactive,0,2018-02-17,,2020-06-13,y,2018-02-17,9999-12-31
894,582,570,inactive,0,2018-12-31,,2019-03-03,y,2018-12-31,9999-12-31
895,911,178,inactive,0,2018-01-18,,2018-01-11,y,2018-01-18,9999-12-31
896,323,711,active,77,2019-02-18,,2021-07-29,y,2019-02-18,9999-12-31
897,912,504,inactive,0,2018-11-18,,2021-09-10,y,2018-11-18,9999-12-31
898,780,249,inactive,0,2018-06-23,,2018-03-09,y,2018-06-23,9999-12-31
899,584,363,inactive,0,2018-04-28,,2019-02-10,y,2018-04-28,9999-12-31
900,841,492,inactive,0,2018-04-19,,2021-05-31,y,2018-04-19,9999-12-31
901,146,131,inactive,0,2018-02-11,,2018-03-17,y,2018-02-11,9999-12-31
902,840,230,inactive,0,2018-08-28,,2019-10-25,y,2018-08-28,9999-12-31
903,438,864,inactive,0,2018-09-19,,2020-03-23,y,2018-09-19,9999-12-31
904,92,305,inactive,0,2018-03-02,,2018-09-23,y,2018-03-02,9999-12-31
905,37,599,inactive,0,2019-07-15,,2021-10-23,y,2019-07-15,9999-12-31
906,396,680,inactive,0,2019-03-08,,2021-11-30,y,2019-03-08,9999-12-31
907,612,987,inactive,0,2019-07-26,,2020-04-11,y,2019-07-26,9999-12-31
908,690,357,active,71,2018-11-17,,2019-03-06,y,2018-11-17,9999-12-31
909,922,368,inactive,0,2018-03-16,,2021-07-13,y,2018-03-16,9999-12-31
910,413,595,inactive,0,2019-01-20,,2022-03-12,y,2019-01-20,9999-12-31
911,918,447,inactive,0,2019-04-01,,2021-06-18,y,2019-04-01,9999-12-31
912,142,199,active,16,2018-01-08,,2019-02-03,y,2018-01-08,9999-12-31
913,958,890,active,72,2019-05-29,,2020-04-01,y,2019-05-29,9999-12-31
914,584,61,active,7,2019-06-29,,2021-11-29,y,2019-06-29,9999-12-31
915,148,469,active,38,2018-03-17,,2021-09-10,y,2018-03-17,9999-12-31
916,608,888,active,11,2019-03-26,,2018-11-06,y,2019-03-26,9999-12-31
917,255,349,active,67,2018-10-21,,2021-09-14,y,2018-10-21,9999-12-31
918,305,407,active,66,2018-02-06,,2021-08-27,y,2018-02-06,9999-12-31
919,909,23,active,69,2018-08-24,,2018-09-26,y,2018-08-24,9999-12-31
920,655,844,inactive,0,2018-07-03,,2022-02-06,y,2018-07-03,9999-12-31
921,369,582,inactive,0,2019-01-21,,2022-04-27,y,2019-01-21,9999-12-31
922,462,627,active,6,2019-04-26,,2018-12-18,y,2019-04-26,9999-12-31
923,361,771,active,27,2019-07-17,,2018-11-03,y,2019-07-17,9999-12-31
924,452,216,inactive,0,2019-06-06,,2019-01-06,y,2019-06-06,9999-12-31
925,230,311,inactive,0,2018-10-19,,2019-03-19,y,2018-10-19,9999-12-31
926,981,522,inactive,0,2018-05-04,,2019-09-09,y,2018-05-04,9999-12-31
927,677,26,inactive,0,2019-01-20,,2018-07-19,y,2019-01-20,9999-12-31
928,904,904,active,64,2019-05-23,,2020-05-01,y,2019-05-23,9999-12-31
929,704,12,active,37,2019-05-24,,2019-04-10,y,2019-05-24,9999-12-31
930,48,731,inactive,0,2018-01-21,,2020-01-15,y,2018-01-21,9999-12-31
931,249,957,active,47,2018-11-07,,2018-05-13,y,2018-11-07,9999-12-31
932,88,986,inactive,0,2019-04-22,,2020-08-17,y,2019-04-22,9999-12-31
933,315,726,inactive,0,2018-09-06,,2020-04-14,y,2018-09-06,9999-12-31
934,933,712,active,83,2018-06-11,,2022-07-21,y,2018-06-11,9999-12-31
935,69,868,active,31,2018-01-08,,2018-08-14,y,2018-01-08,9999-12-31
936,858,168,active,1,2019-03-01,,2018-02-11,y,2019-03-01,9999-12-31
937,6,182,active,70,2018-07-03,,2019-12-02,y,2018-07-03,9999-12-31
938,171,974,active,72,2018-12-21,,2020-05-23,y,2018-12-21,9999-12-31
939,513,792,active,91,2019-06-19,,2021-01-25,y,2019-06-19,9999-12-31
940,346,391,inactive,0,2018-11-08,,2019-01-17,y,2018-11-08,9999-12-31
941,379,176,inactive,0,2019-01-12,,2022-04-28,y,2019-01-12,9999-12-31
942,853,348,inactive,0,2019-02-21,,2020-06-20,y,2019-02-21,9999-12-31
943,426,584,active,5,2018-04-02,,2021-04-07,y,2018-04-02,9999-12-31
944,689,157,inactive,0,2018-03-02,,2018-12-03,y,2018-03-02,9999-12-31
945,730,512,active,78,2018-07-03,,2020-02-27,y,2018-07-03,9999-12-31
946,310,61,inactive,0,2019-07-02,,2020-07-03,y,2019-07-02,9999-12-31
947,117,214,inactive,0,2019-01-28,,2022-06-08,y,2019-01-28,9999-12-31
948,594,230,inactive,0,2019-05-11,,2021-09-18,y,2019-05-11,9999-12-31
949,619,253,active,51,2018-03-12,,2019-06-19,y,2018-03-12,9999-12-31
950,656,701,active,66,2019-02-19,,2019-04-20,y,2019-02-19,9999-12-31
951,281,513,inactive,0,2018-10-13,,2021-05-07,y,2018-10-13,9999-12-31
952,683,628,inactive,0,2018-07-25,,2018-11-23,y,2018-07-25,9999-12-31
953,530,485,active,75,2019-04-14,,2021-02-21,y,2019-04-14,9999-12-31
954,350,713,inactive,0,2018-08-09,,2022-04-21,y,2018-08-09,9999-12-31
955,645,811,inactive,0,2018-02-23,,2021-09-28,y,2018-02-23,9999-12-31
956,712,594,active,25,2019-01-10,,2018-02-07,y,2019-01-10,9999-12-31
957,603,931,active,82,2019-03-04,,2022-05-09,y,2019-03-04,9999-12-31
958,751,314,inactive,0,2018-12-31,,2022-05-28,y,2018-12-31,9999-12-31
959,647,80,active,64,2019-01-05,,2019-08-23,y,2019-01-05,9999-12-31
960,570,83,inactive,0,2018-08-19,,2022-07-10,y,2018-08-19,9999-12-31
961,621,30,active,93,2019-03-02,,2022-06-12,y,2019-03-02,9999-12-31
962,548,580,active,92,2019-01-02,,2018-12-10,y,2019-01-02,9999-12-31
963,705,763,inactive,0,2018-04-22,,2018-06-21,y,2018-04-22,9999-12-31
964,737,909,active,78,2019-07-27,,2020-07-03,y,2019-07-27,9999-12-31
965,208,697,inactive,0,2018-09-28,,2022-07-21,y,2018-09-28,9999-12-31
966,833,524,inactive,0,2019-02-12,,2020-03-14,y,2019-02-12,9999-12-31
967,315,579,active,48,2018-10-20,,2019-11-11,y,2018-10-20,9999-12-31
968,697,530,inactive,0,2018-01-26,,2022-01-20,y,2018-01-26,9999-12-31
969,896,879,active,60,2018-06-24,,2022-05-29,y,2018-06-24,9999-12-31
970,733,666,inactive,0,2018-03-07,,2019-11-22,y,2018-03-07,9999-12-31
971,886,657,active,72,2019-02-02,,2019-06-17,y,2019-02-02,9999-12-31
972,822,431,inactive,0,2018-07-22,,2018-08-03,y,2018-07-22,9999-12-31
973,26,872,inactive,0,2019-04-30,,2019-07-01,y,2019-04-30,9999-12-31
974,985,590,inactive,0,2019-01-30,,2019-11-25,y,2019-01-30,9999-12-31
975,110,788,inactive,0,2019-06-05,,2022-07-23,y,2019-06-05,9999-12-31
976,649,282,active,15,2018-07-25,,2019-05-13,y,2018-07-25,9999-12-31
977,336,325,active,50,2018-09-09,,2018-03-26,y,2018-09-09,9999-12-31
978,46,512,inactive,0,2018-11-19,,2022-02-21,y,2018-11-19,9999-12-31
979,73,744,active,53,2019-06-24,,2022-06-21,y,2019-06-24,9999-12-31
980,985,543,inactive,0,2019-03-07,,2020-01-07,y,2019-03-07,9999-12-31
981,176,884,active,64,2018-11-06,,2020-12-26,y,2018-11-06,9999-12-31
982,218,39,inactive,0,2019-02-21,,2021-07-18,y,2019-02-21,9999-12-31
983,322,339,active,56,2019-01-05,,2019-12-24,y,2019-01-05,9999-12-31
984,589,509,inactive,0,2018-09-14,,2021-01-19,y,2018-09-14,9999-12-31
985,970,165,active,51,2018-01-21,,2022-01-23,y,2018-01-21,9999-12-31
986,787,500,inactive,0,2018-10-29,,2021-05-15,y,2018-10-29,9999-12-31
987,40,377,inactive,0,2018-03-26,,2018-10-06,y,2018-03-26,9999-12-31
988,113,654,inactive,0,2019-06-20,,2022-01-13,y,2019-06-20,9999-12-31
989,485,572,inactive,0,2018-05-27,,2018-04-25,y,2018-05-27,9999-12-31
990,674,404,active,60,2019-02-04,,2018-08-10,y,2019-02-04,9999-12-31
991,793,712,inactive,0,2019-03-09,,2018-11-21,y,2019-03-09,9999-12-31
992,117,83,inactive,0,2019-04-24,,2018-12-17,y,2019-04-24,9999-12-31
993,598,715,active,60,2018-04-27,,2020-12-01,y,2018-04-27,9999-12-31
994,268,963,inactive,0,2019-04-18,,2020-09-20,y,2019-04-18,9999-12-31
995,739,57,inactive,0,2019-03-23,,2019-03-17,y,2019-03-23,9999-12-31
996,823,822,inactive,0,2018-04-15,,2022-07-28,y,2018-04-15,9999-12-31
997,807,723,active,51,2019-03-03,,2018-06-28,y,2019-03-03,9999-12-31
998,924,245,active,14,2018-11-07,,2018-06-30,y,2018-11-07,9999-12-31
999,30,197,active,16,2019-02-16,,2018-08-10,y,2019-02-16,9999-12-31
1000,465,45,inactive,0,2018-04-29,,2020-11-12,y,2018-04-29,9999-12-31
512,5,623,inactive,0,2018-11-29,,2021-06-22,n,2022-07-31,2022-07-31
9,5,403,inactive,0,2019-06-26,,2018-06-13,n,2022-07-31,2022-07-31
