userid,employer_number,creation_date,username,pwd,lvl,active,recbegindate,recenddate
1,670155,2022-08-24,bsackes0,zqAa66We,Medior,y,2022-08-24,9999-12-31
2,795298,2018-03-03,nbottell1,GPdggh1,Senior,y,2018-03-03,9999-12-31
3,421175,2020-12-09,nkearey2,p11fRwfP2SoM,Medior,y,2020-12-09,9999-12-31
4,615640,2021-07-21,lpurkins3,9pnZSNLs,Intern,y,2021-07-21,9999-12-31
5,158101,2021-03-29,bbassill4,lwnCr5RtfG,Junior,y,2021-03-29,9999-12-31
6,704414,2020-11-05,cphebee5,2X3h88kHi,Intern,y,2020-11-05,9999-12-31
7,142642,2021-06-18,mworsham6,b9HapGRrg2,Junior,y,2021-06-18,9999-12-31
8,628537,2021-04-06,asidery7,NaN,Medior,y,2021-04-06,9999-12-31
9,354921,2019-01-04,fkleszinski8,Am4MbD1Cx,Senior,y,2019-01-04,9999-12-31
10,171911,2018-06-30,achatteris9,W24dMI,Medior,y,2018-06-30,9999-12-31
11,814374,2022-03-02,spenticoota,SCfntBo6E2AC,Medior,y,2022-03-02,9999-12-31
12,556096,2022-01-11,jgosnellb,PXn5oO,Intern,y,2022-01-11,9999-12-31
13,377011,2020-06-09,rfaulksc,oFIaA1,Medior,y,2020-06-09,9999-12-31
14,844588,2019-06-09,rsindled,Z9zS4jG,Junior,y,2019-06-09,9999-12-31
15,676512,2019-08-03,mwriste,1sujUot2MvLN,Junior,y,2019-08-03,9999-12-31
16,574388,2021-06-08,klorrainef,69UyFfjscD,Medior,y,2021-06-08,9999-12-31
17,435418,2022-08-21,ngarriqueg,mlvco5ki3Q,Intern,y,2022-08-21,9999-12-31
18,108249,2021-02-23,eoliverash,DszQAMnUt,Junior,y,2021-02-23,9999-12-31
19,308973,2018-11-02,hcarwardinei,Z5uB6t6Lq3,Junior,y,2018-11-02,9999-12-31
20,488087,2022-05-02,smctaguej,NaN,Senior,y,2022-05-02,9999-12-31
21,883213,2020-12-08,kkaliszewskik,nv5L3B,Intern,y,2020-12-08,9999-12-31
22,403362,2020-02-27,jhuckfieldl,UELXlG8RRdDP,Intern,y,2020-02-27,9999-12-31
23,562951,2022-01-30,tmulcahym,vC9VDk,Senior,y,2022-01-30,9999-12-31
24,913980,2018-10-10,gmacinnesn,UCIPvxtGqp,Intern,y,2018-10-10,9999-12-31
25,689601,2020-05-09,amccrumo,YGVFjqyLfa1A,Senior,y,2020-05-09,9999-12-31
26,222597,2022-08-26,reayrsp,NaN,Junior,y,2022-08-26,9999-12-31
27,789203,2021-07-12,rwalklottq,ZFzCq5vJg94W,Intern,y,2021-07-12,9999-12-31
28,926881,2020-02-02,cellulr,tmXgYlXFGqUm,Junior,y,2020-02-02,9999-12-31
29,253280,2018-06-02,tlivards,cvqXxchtII,Junior,y,2018-06-02,9999-12-31
30,400579,2018-08-11,cgilstount,jRpIE6i,Medior,y,2018-08-11,9999-12-31
31,367041,2020-10-27,jshepherdsonu,2w4ybKB34L1d,Junior,y,2020-10-27,9999-12-31
32,779625,2022-06-17,rsnoddinv,BFTb60cSn,Senior,y,2022-06-17,9999-12-31
33,157555,2022-08-10,sreinw,NaN,Senior,y,2022-08-10,9999-12-31
34,939788,2022-03-08,edowyerx,sLBKmXAB8,Senior,y,2022-03-08,9999-12-31
35,835176,2018-11-05,cbabiny,T4ACmlHCvgud,Intern,y,2018-11-05,9999-12-31
36,560662,2020-12-18,mlindemanz,NaN,Medior,y,2020-12-18,9999-12-31
37,284020,2019-09-26,lpetrecz10,p3x7HpEjNbz,Senior,y,2019-09-26,9999-12-31
38,131911,2019-06-11,jgoble11,SRfCX4,Intern,y,2019-06-11,9999-12-31
39,926742,2021-10-09,kbattista12,242TDlXrC,Junior,y,2021-10-09,9999-12-31
40,617804,2020-09-11,bprovost13,fCv0aXNbd,Medior,y,2020-09-11,9999-12-31
41,482931,2018-02-25,gclementson14,khYk0g,Senior,y,2018-02-25,9999-12-31
42,714916,2019-09-25,cposnett15,OmBXMm,Intern,y,2019-09-25,9999-12-31
43,263819,2019-05-26,jvlahos16,CrvLe8,Junior,y,2019-05-26,9999-12-31
44,238761,2020-02-17,cmurrum17,Spqzjevt,Senior,y,2020-02-17,9999-12-31
45,732396,2019-07-13,jpolfer18,ALsG7F,Junior,y,2019-07-13,9999-12-31
46,211132,2018-08-28,emoult19,7JSI9Ds8o,Intern,y,2018-08-28,9999-12-31
47,870629,2021-12-19,kmorilla1a,QvdoMSb,Intern,y,2021-12-19,9999-12-31
48,943108,2019-01-12,gleppingwell1b,JoZjZc,Intern,y,2019-01-12,9999-12-31
49,815706,2021-10-16,gdenyukin1c,B2OGLQMP8,Junior,y,2021-10-16,9999-12-31
50,604060,2022-08-15,qgrishaev1d,PnnQTVbjRcj,Intern,y,2022-08-15,9999-12-31
51,471313,2018-05-09,jisakovitch1e,sL04nvoR3n,Junior,y,2018-05-09,9999-12-31
52,709056,2018-06-01,brobun1f,tnYixVv,Senior,y,2018-06-01,9999-12-31
53,334480,2020-03-18,ngriffoen1g,NRy3IhuUmh,Medior,y,2020-03-18,9999-12-31
54,303357,2019-04-14,lgallo1h,5LZPh7Mu,Junior,y,2019-04-14,9999-12-31
55,132427,2020-06-30,lkibbel1i,9o8DteFMNVb8,Intern,y,2020-06-30,9999-12-31
56,431118,2022-07-31,imccreagh1j,oZseox78j8kc,Intern,y,2022-07-31,9999-12-31
57,436002,2019-11-12,sminards1k,n0vOJ4,Medior,y,2019-11-12,9999-12-31
58,270740,2019-10-28,sidwalevans1l,I9oGqh,Senior,y,2019-10-28,9999-12-31
59,486172,2020-10-04,bharris1m,msC04OY,Medior,y,2020-10-04,9999-12-31
60,709418,2021-12-10,tkohtler1n,sFeJjijlM,Intern,y,2021-12-10,9999-12-31
61,569481,2018-11-16,imackaile1o,olk3SKIVj,Intern,y,2018-11-16,9999-12-31
62,483894,2021-07-25,dlovell1p,NaN,Medior,y,2021-07-25,9999-12-31
63,381035,2018-12-11,biczokvitz1q,BQYXLO,Junior,y,2018-12-11,9999-12-31
64,749614,2018-07-10,cshurlock1r,H2DcT3D,Medior,y,2018-07-10,9999-12-31
65,380113,2021-03-04,ghamsher1s,G1H91pnb55qn,Junior,y,2021-03-04,9999-12-31
66,259348,2022-02-15,sgarforth1t,XomgyyBS,Senior,y,2022-02-15,9999-12-31
67,315010,2020-09-07,lbeedle1u,3XhQYP6udl,Junior,y,2020-09-07,9999-12-31
68,925359,2018-07-18,egrahlmans1v,Bosl3JTY,Intern,y,2018-07-18,9999-12-31
69,851075,2019-02-19,fnarrie1w,s5GWt8TOimp,Junior,y,2019-02-19,9999-12-31
70,169268,2019-01-26,ifleisch1x,Rxdv70K0f8e,Medior,y,2019-01-26,9999-12-31
71,329041,2020-11-01,gwiddicombe1y,JPOAAU6QsucI,Medior,y,2020-11-01,9999-12-31
72,491516,2019-02-08,tlear1z,W3HH3LguA,Intern,y,2019-02-08,9999-12-31
73,161188,2019-01-06,slancetter20,3jkarmxIn,Junior,y,2019-01-06,9999-12-31
74,524703,2018-01-19,tsleeny21,13sba03,Junior,y,2018-01-19,9999-12-31
75,954595,2019-08-30,lalty22,FGgeIa8C5,Medior,y,2019-08-30,9999-12-31
76,652204,2022-01-24,treddan23,g5PyMJmX,Intern,y,2022-01-24,9999-12-31
77,401504,2020-10-15,ksayce24,NaN,Junior,y,2020-10-15,9999-12-31
78,514618,2020-11-09,ckippins25,if0MKfjI2RK,Medior,y,2020-11-09,9999-12-31
79,651059,2019-01-15,weverest26,8LYWoE,Medior,y,2019-01-15,9999-12-31
80,745410,2022-07-01,bdeath27,hpJqkQ,Senior,y,2022-07-01,9999-12-31
81,451182,2018-01-19,fbutchers28,96PeC7cd2yK1,Senior,y,2018-01-19,9999-12-31
82,826972,2018-06-28,abrazil29,NaN,Junior,y,2018-06-28,9999-12-31
83,406128,2022-01-04,gjewitt2a,5JJfqLLq9It,Intern,y,2022-01-04,9999-12-31
84,814414,2020-09-18,dbispham2b,oxtDVhVkwrw,Senior,y,2020-09-18,9999-12-31
85,788228,2022-01-05,mmaestrini2c,asZAMj8M,Junior,y,2022-01-05,9999-12-31
86,513980,2018-10-17,mjanosevic2d,Jx8HZQ5djr,Medior,y,2018-10-17,9999-12-31
87,320494,2020-06-20,dmcrill2e,H2fT6W,Intern,y,2020-06-20,9999-12-31
88,212948,2021-03-10,rmelarkey2f,2DGqH7xPJ1Z,Junior,y,2021-03-10,9999-12-31
89,562807,2020-01-08,zmclay2g,FzbYUzi9qbPY,Intern,y,2020-01-08,9999-12-31
90,192692,2019-01-04,kroland2h,xsXXmtOQ,Medior,y,2019-01-04,9999-12-31
91,253493,2020-08-01,fvankov2i,D9kM853T,Intern,y,2020-08-01,9999-12-31
92,371693,2020-08-09,dgilbride2j,tKdZSpNp08ci,Junior,y,2020-08-09,9999-12-31
93,696136,2021-07-26,mpiatti2k,dcqfaZ2Mg7,Medior,y,2021-07-26,9999-12-31
94,157296,2022-06-19,rwilliment2l,IqNuLpY0QTP,Intern,y,2022-06-19,9999-12-31
95,579968,2020-03-15,ppetett2m,KVnuuwmNpYP7,Junior,y,2020-03-15,9999-12-31
96,632278,2020-06-02,rnorcott2n,MhqBJnb45,Intern,y,2020-06-02,9999-12-31
97,918172,2020-06-14,aeldritt2o,NaN,Medior,y,2020-06-14,9999-12-31
98,314713,2022-08-14,mkilliner2p,wOnvasa,Intern,y,2022-08-14,9999-12-31
99,200263,2022-07-04,ovallens2q,vugzpb,Senior,y,2022-07-04,9999-12-31
100,686210,2019-11-22,pfurness2r,HOZVfic1dDS,Intern,y,2019-11-22,9999-12-31
101,500903,2018-01-01,mgeraghty2s,5OLUhlz9,Junior,y,2018-01-01,9999-12-31
102,498658,2018-08-11,imcclifferty2t,4oGpLdWucTf,Junior,y,2018-08-11,9999-12-31
103,758632,2018-12-26,ccoker2u,wze7wJioKuGZ,Junior,y,2018-12-26,9999-12-31
104,945122,2018-03-13,cstefanovic2v,hcumz76au2H,Junior,y,2018-03-13,9999-12-31
105,879341,2018-01-21,rbenkin2w,kl21AhA,Senior,y,2018-01-21,9999-12-31
106,277376,2022-05-17,gpooly2x,SQAvSCNkQ,Intern,y,2022-05-17,9999-12-31
107,285740,2020-10-21,pmccluskey2y,GHLCmgqmw,Junior,y,2020-10-21,9999-12-31
108,866236,2021-04-30,spinckney2z,1XGbEk8C72,Intern,y,2021-04-30,9999-12-31
109,543202,2020-08-24,cguidi30,kAxv4P9hYcN0,Junior,y,2020-08-24,9999-12-31
110,204822,2019-10-29,dgoolding31,WjbFpqJ78,Junior,y,2019-10-29,9999-12-31
111,890081,2021-12-24,rcossum32,vXZYlF,Senior,y,2021-12-24,9999-12-31
112,534681,2018-08-28,rjefferies33,iMv8Kw,Medior,y,2018-08-28,9999-12-31
113,945881,2018-05-24,rbachelor34,wZSOHFBM,Junior,y,2018-05-24,9999-12-31
114,246162,2021-02-16,lsallter35,NWvkKdyfr,Intern,y,2021-02-16,9999-12-31
115,886225,2020-07-27,pcabrera36,0UGBbY8,Intern,y,2020-07-27,9999-12-31
116,220624,2020-02-28,lbennen37,VUaSRMGHlqH,Intern,y,2020-02-28,9999-12-31
117,661724,2021-01-17,tdunkinson38,4C1ObA,Intern,y,2021-01-17,9999-12-31
118,972150,2020-02-29,bpendell39,X2VZCr,Medior,y,2020-02-29,9999-12-31
119,415309,2019-09-02,mgilbanks3a,MiGntlej,Medior,y,2019-09-02,9999-12-31
120,668096,2019-05-23,mclemanceau3b,DxXSug6,Intern,y,2019-05-23,9999-12-31
121,181652,2021-07-20,ditskovitz3c,1kRLrRxU,Medior,y,2021-07-20,9999-12-31
122,457582,2022-08-13,sasbery3d,OqtaryAs,Junior,y,2022-08-13,9999-12-31
123,867340,2020-08-09,pbilbrook3e,ye8K74vNu,Intern,y,2020-08-09,9999-12-31
124,429623,2020-03-21,crenehan3f,8K86OVcKZG,Intern,y,2020-03-21,9999-12-31
125,837426,2018-03-23,fhorribine3g,jHSYUu,Medior,y,2018-03-23,9999-12-31
126,296188,2019-10-31,hedgecombe3h,Qm06BEWkv,Medior,y,2019-10-31,9999-12-31
127,662726,2021-02-26,fdennistoun3i,Qb1lHNa,Senior,y,2021-02-26,9999-12-31
128,413535,2019-07-28,cduddle3j,mhKOF5edu,Medior,y,2019-07-28,9999-12-31
129,177245,2020-06-16,hweyland3k,n4Z6nK6RGquy,Medior,y,2020-06-16,9999-12-31
130,712850,2019-05-16,ggorini3l,Llr004,Junior,y,2019-05-16,9999-12-31
131,533527,2018-12-11,arowcliffe3m,aRuAAPX,Intern,y,2018-12-11,9999-12-31
132,761509,2019-09-22,szohrer3n,4dPXDCjL,Junior,y,2019-09-22,9999-12-31
133,156514,2019-02-22,eberrey3o,epKNazcvQ,Medior,y,2019-02-22,9999-12-31
134,580561,2022-02-22,enairne3p,Yu7eBwO,Junior,y,2022-02-22,9999-12-31
135,713898,2020-03-24,cmullender3q,hNcFeZUwt,Medior,y,2020-03-24,9999-12-31
136,134911,2018-03-30,msweet3r,cbqS5VL,Junior,y,2018-03-30,9999-12-31
137,777104,2021-03-05,eblinco3s,MKaS4pwu,Intern,y,2021-03-05,9999-12-31
138,285828,2021-10-02,egaddie3t,NKhYQ2H,Junior,y,2021-10-02,9999-12-31
139,995421,2018-11-22,mcubberley3u,Qjcv6JuixUH,Junior,y,2018-11-22,9999-12-31
140,693780,2022-02-26,jvaleri3v,5Z6KhFwWPXdQ,Senior,y,2022-02-26,9999-12-31
141,699557,2022-07-23,nturneaux3w,1AH5rwR,Senior,y,2022-07-23,9999-12-31
142,542843,2019-11-11,dgallgher3x,W5NHXQiUy8DH,Intern,y,2019-11-11,9999-12-31
143,212485,2019-12-05,spocklington3y,IyeqR61Vjsoj,Senior,y,2019-12-05,9999-12-31
144,694352,2019-01-28,ckatt3z,Us1QPAv6F7R,Senior,y,2019-01-28,9999-12-31
145,862446,2018-10-20,egouldbourn40,8Rok8yaq0FR,Junior,y,2018-10-20,9999-12-31
146,122846,2018-03-14,dmusgrove41,mUeU9yX5,Junior,y,2018-03-14,9999-12-31
147,970855,2020-06-12,bpennuzzi42,tZu9wuGNoS,Junior,y,2020-06-12,9999-12-31
148,381081,2021-07-19,aarnoldi43,YP7kZG81Vv6,Medior,y,2021-07-19,9999-12-31
149,296411,2019-12-12,cmcreath44,NTKbHlmNL,Intern,y,2019-12-12,9999-12-31
150,911137,2020-08-20,shallagan45,tjYDJf,Intern,y,2020-08-20,9999-12-31
151,622974,2019-11-05,lzukerman46,X1qddoP3Sf,Senior,y,2019-11-05,9999-12-31
152,395622,2019-04-23,mklammt47,haSC2m,Intern,y,2019-04-23,9999-12-31
153,617904,2022-05-06,bminigo48,eZiURoyE,Medior,y,2022-05-06,9999-12-31
154,887738,2020-06-18,fbalaison49,XQETLshl,Intern,y,2020-06-18,9999-12-31
155,793585,2021-04-12,csich4a,tsYceYXP,Junior,y,2021-04-12,9999-12-31
156,840489,2022-04-03,ltrengove4b,Os6au6,Intern,y,2022-04-03,9999-12-31
157,157095,2020-08-29,fdahlbom4c,EMySOOk1K2KQ,Junior,y,2020-08-29,9999-12-31
158,522360,2021-02-18,ngirardi4d,Qic0phpy1,Junior,y,2021-02-18,9999-12-31
159,243759,2021-07-01,panderl4e,feDiJubjjZ6t,Junior,y,2021-07-01,9999-12-31
160,985267,2019-04-27,jstraughan4f,jdGpNmlGg,Medior,y,2019-04-27,9999-12-31
161,835237,2021-04-15,nschoenrock4g,ofwv3uCvaEx,Intern,y,2021-04-15,9999-12-31
162,643545,2020-02-14,hrochford4h,1ERMCJdkL8m,Medior,y,2020-02-14,9999-12-31
163,184930,2020-12-03,mweinham4i,Pkwey6fWPJ,Medior,y,2020-12-03,9999-12-31
164,520252,2020-02-02,odrynan4j,Q4TnEaIl,Junior,y,2020-02-02,9999-12-31
165,619312,2019-02-26,cstockill4k,h6fEPLG4,Intern,y,2019-02-26,9999-12-31
166,192999,2020-07-05,emacnelly4l,aPM9RmcaS5,Senior,y,2020-07-05,9999-12-31
167,537757,2021-01-31,scollymore4m,Kr7ka9VI4gs,Intern,y,2021-01-31,9999-12-31
168,958515,2021-04-14,carnoldi4n,RF0FYJqarei,Junior,y,2021-04-14,9999-12-31
169,700494,2019-01-23,lhamp4o,KXiNQRTyO,Senior,y,2019-01-23,9999-12-31
170,753774,2020-12-12,bchester4p,p9Immn,Senior,y,2020-12-12,9999-12-31
171,116969,2020-05-22,pvittore4q,3w41nw88,Intern,y,2020-05-22,9999-12-31
172,649806,2020-10-02,mblazi4r,XM2BjN,Medior,y,2020-10-02,9999-12-31
173,886060,2020-06-20,mlokier4s,j27ZetqhMnyO,Junior,y,2020-06-20,9999-12-31
174,591182,2018-07-16,celrick4t,WgdQFpt7Ead,Medior,y,2018-07-16,9999-12-31
175,799361,2022-08-08,gkenningley4u,UwwMoyKKac,Intern,y,2022-08-08,9999-12-31
176,864588,2019-09-07,sdinapoli4v,BGiWxoE,Intern,y,2019-09-07,9999-12-31
177,857485,2018-02-13,cpaoli4w,ffSXhJskSS5,Senior,y,2018-02-13,9999-12-31
178,124709,2021-04-12,gjaumet4x,gwzKFO9hkoB,Junior,y,2021-04-12,9999-12-31
179,549643,2020-10-16,tbaff4y,fh09zOF,Medior,y,2020-10-16,9999-12-31
180,941315,2018-04-23,mdoxey4z,yig2Pu0gj,Senior,y,2018-04-23,9999-12-31
181,573815,2019-03-07,cjaszczak50,ElJyE2QJQZ,Medior,y,2019-03-07,9999-12-31
182,475424,2019-08-17,knayer51,QU0MauBTj,Medior,y,2019-08-17,9999-12-31
183,297757,2018-05-25,lpiegrome52,INeagym,Senior,y,2018-05-25,9999-12-31
184,127897,2019-01-14,eallnatt53,NlW0F9gAB,Senior,y,2019-01-14,9999-12-31
185,878929,2022-02-21,lhiggonet54,8pJ2eb1T8r,Intern,y,2022-02-21,9999-12-31
186,635714,2021-12-22,kdunhill55,NaN,Medior,y,2021-12-22,9999-12-31
187,965349,2019-09-25,hskeemer56,NaN,Medior,y,2019-09-25,9999-12-31
188,564000,2021-02-14,kcartlidge57,XaMc5VGZ21,Senior,y,2021-02-14,9999-12-31
189,617688,2020-10-26,mcaven58,IK030t6SzD,Medior,y,2020-10-26,9999-12-31
190,813857,2021-04-07,ljemmett59,NaN,Junior,y,2021-04-07,9999-12-31
191,219557,2021-07-30,cwillwood5a,C6eaWR,Intern,y,2021-07-30,9999-12-31
192,312698,2022-04-13,rgaylard5b,TJMy1LP,Intern,y,2022-04-13,9999-12-31
193,957448,2018-05-11,tglewe5c,zKicUuCjW,Medior,y,2018-05-11,9999-12-31
194,170047,2019-08-21,ezanazzi5d,rVYf22XIxn,Medior,y,2019-08-21,9999-12-31
195,700325,2019-06-02,gvobes5e,qjxy1ame,Medior,y,2019-06-02,9999-12-31
196,403377,2022-08-11,jslyford5f,2kpCwxl,Intern,y,2022-08-11,9999-12-31
197,368249,2021-03-07,hdelafoy5g,Z0ddZGwSQfNh,Intern,y,2021-03-07,9999-12-31
198,915962,2021-05-07,msopp5h,0lqlfkg,Intern,y,2021-05-07,9999-12-31
199,811786,2021-02-23,kcastelletti5i,NaN,Medior,y,2021-02-23,9999-12-31
200,560692,2020-04-03,abelfrage5j,I2zVUrJP,Intern,y,2020-04-03,9999-12-31
201,347049,2020-07-03,dmargarson5k,xel16HeeMq,Intern,y,2020-07-03,9999-12-31
202,688186,2019-03-17,etreswell5l,HPaym8Mf9,Junior,y,2019-03-17,9999-12-31
203,284663,2022-01-12,lfarrall5m,71omwD8f,Junior,y,2022-01-12,9999-12-31
204,585795,2021-07-20,serbain5n,641RbwHxbg,Senior,y,2021-07-20,9999-12-31
205,453528,2022-06-15,mlackey5o,NaN,Senior,y,2022-06-15,9999-12-31
206,592886,2021-09-08,jtolomio5p,uvELCHn,Medior,y,2021-09-08,9999-12-31
207,149967,2021-11-27,bmckellar5q,ETq16YDpjU,Junior,y,2021-11-27,9999-12-31
208,852163,2019-07-02,ncrampsy5r,oQUKDt,Intern,y,2019-07-02,9999-12-31
209,705987,2019-12-22,csteuhlmeyer5s,CbN1tLQedJ,Junior,y,2019-12-22,9999-12-31
210,271096,2018-12-28,mgerb5t,098DOkwxu,Intern,y,2018-12-28,9999-12-31
211,591483,2021-03-03,lfoard5u,Tk8MpZ25,Junior,y,2021-03-03,9999-12-31
212,323180,2022-08-29,smccaughan5v,nyanHp,Medior,y,2022-08-29,9999-12-31
213,661921,2021-01-23,fblewett5w,NaN,Medior,y,2021-01-23,9999-12-31
214,399405,2019-09-24,gasee5x,6dq36lS,Senior,y,2019-09-24,9999-12-31
215,619405,2021-04-07,adepero5y,NaN,Junior,y,2021-04-07,9999-12-31
216,837678,2020-11-18,cfoskett5z,jcsdCCY75pY,Junior,y,2020-11-18,9999-12-31
217,337504,2020-03-29,jwilcock60,WtmOTA,Junior,y,2020-03-29,9999-12-31
218,157702,2019-06-29,emollon61,gyedpaLhIG3,Medior,y,2019-06-29,9999-12-31
219,257707,2019-06-25,sbengle62,FFdfmmcSYX,Medior,y,2019-06-25,9999-12-31
220,975870,2021-12-13,cbowlesworth63,SexhQFvS7s,Intern,y,2021-12-13,9999-12-31
221,491078,2021-09-24,kwitts64,pm4dPuJwwMYS,Junior,y,2021-09-24,9999-12-31
222,476376,2020-07-13,glincey65,kjhf6H3,Medior,y,2020-07-13,9999-12-31
223,325654,2020-03-30,pbriddle66,Lc8zJDlm,Junior,y,2020-03-30,9999-12-31
224,671836,2021-09-20,alittle67,b9ULqQCsbaP,Junior,y,2021-09-20,9999-12-31
225,189793,2021-10-24,wast68,zhmytDM4H,Medior,y,2021-10-24,9999-12-31
226,999637,2020-09-08,acaslake69,NaN,Junior,y,2020-09-08,9999-12-31
227,565350,2019-05-04,tconring6a,Q9ncY8tUX87l,Medior,y,2019-05-04,9999-12-31
228,518073,2022-03-05,earents6b,sqYqWpNtNJ,Senior,y,2022-03-05,9999-12-31
229,124000,2020-03-31,dtabourin6c,UQrEws,Medior,y,2020-03-31,9999-12-31
230,828423,2021-09-02,kwildbore6d,SBsEWxF4o,Senior,y,2021-09-02,9999-12-31
231,782230,2018-04-11,jtuke6e,0ZVzC6hEGYZy,Intern,y,2018-04-11,9999-12-31
232,668993,2019-08-18,csinnott6f,TsAcTx3IUQD,Senior,y,2019-08-18,9999-12-31
233,640830,2021-09-24,ctezure6g,Hb03bzzAa,Intern,y,2021-09-24,9999-12-31
234,748845,2019-08-05,smannin6h,OSlFCmvPsTN,Medior,y,2019-08-05,9999-12-31
235,850771,2022-04-19,rlichtfoth6i,iv14r5VI,Medior,y,2022-04-19,9999-12-31
236,367515,2020-12-16,zseiler6j,qKxVoXF,Intern,y,2020-12-16,9999-12-31
237,528933,2020-12-18,vwelman6k,vZeIsh,Medior,y,2020-12-18,9999-12-31
238,415265,2018-01-12,dmatuszyk6l,Sz8dgo,Junior,y,2018-01-12,9999-12-31
239,390963,2019-11-19,twinterbottom6m,MKv2bRwt1,Senior,y,2019-11-19,9999-12-31
240,847658,2020-01-19,ofeige6n,FrZp5Nt,Junior,y,2020-01-19,9999-12-31
241,120541,2020-09-18,bstrevens6o,KOHFol9xW8,Junior,y,2020-09-18,9999-12-31
242,447822,2018-08-10,cmillom6p,7v8G1lVNZG,Junior,y,2018-08-10,9999-12-31
243,432999,2020-06-10,oenns6q,YCuu6vr7PzDr,Senior,y,2020-06-10,9999-12-31
244,819429,2022-07-01,thoudmont6r,exC5utgG0,Senior,y,2022-07-01,9999-12-31
245,552717,2019-11-28,kerswell6s,tpLfFTdMr,Intern,y,2019-11-28,9999-12-31
246,215971,2021-07-01,rkunkel6t,culXvNhNYp,Junior,y,2021-07-01,9999-12-31
247,837949,2021-07-11,rtunney6u,iPyq7FrNTbu,Junior,y,2021-07-11,9999-12-31
248,858693,2020-03-20,rmartinho6v,0M1O3qe,Medior,y,2020-03-20,9999-12-31
249,959432,2020-12-30,kmagor6w,6ohGYllfO,Junior,y,2020-12-30,9999-12-31
250,219158,2018-02-14,hshowt6x,iBOcGPcX,Medior,y,2018-02-14,9999-12-31
251,399397,2020-11-26,nlagneaux6y,D7i0RGUm8,Junior,y,2020-11-26,9999-12-31
252,736976,2022-08-06,kmiddlehurst6z,0fNSv3pKAR,Junior,y,2022-08-06,9999-12-31
253,912155,2022-07-04,jdanielou70,wCvXD1,Intern,y,2022-07-04,9999-12-31
254,955988,2020-08-17,mmacgilmartin71,XnjOLoUnP,Medior,y,2020-08-17,9999-12-31
255,992222,2018-03-13,lfowley72,bIikidTDVwYh,Junior,y,2018-03-13,9999-12-31
256,391544,2020-03-06,briddock73,hPgb7SCWJxr,Intern,y,2020-03-06,9999-12-31
257,669684,2018-03-17,hgasgarth74,lG0p9dRDP44,Intern,y,2018-03-17,9999-12-31
258,891202,2020-04-08,adomm75,TrrNuRJL,Intern,y,2020-04-08,9999-12-31
259,408121,2019-04-14,aworpole76,U7Zd4FH8X9k,Senior,y,2019-04-14,9999-12-31
260,105427,2022-01-15,sfernando77,icTyuUMEq,Senior,y,2022-01-15,9999-12-31
261,183465,2018-03-26,karnett78,FkFJoTctGOfC,Medior,y,2018-03-26,9999-12-31
262,686926,2022-03-22,ecrighton79,rbbqQ8SNOUJ,Intern,y,2022-03-22,9999-12-31
263,475617,2020-06-25,cwille7a,9FmMRkCUYQJj,Junior,y,2020-06-25,9999-12-31
264,630758,2021-02-25,rskoyles7b,mLR1fiG,Medior,y,2021-02-25,9999-12-31
265,893480,2019-08-30,ufurmagier7c,fHWuleQn,Junior,y,2019-08-30,9999-12-31
266,188016,2021-01-03,wjerg7d,acr9pHNypRA,Senior,y,2021-01-03,9999-12-31
267,824114,2021-07-17,pbasinigazzi7e,mGYWO1gGM,Senior,y,2021-07-17,9999-12-31
268,904482,2022-02-01,bhallowell7f,NaN,Junior,y,2022-02-01,9999-12-31
269,145528,2021-06-04,bgoundsy7g,SPSVew0ZR,Intern,y,2021-06-04,9999-12-31
270,628915,2019-04-28,rbeaudry7h,GnMNE5SSGz5,Medior,y,2019-04-28,9999-12-31
271,345828,2019-08-08,sheavens7i,A0kfddz,Medior,y,2019-08-08,9999-12-31
272,150103,2019-10-18,gbrookzie7j,qt0Rn7i8s3,Senior,y,2019-10-18,9999-12-31
273,118788,2020-09-30,mdedmam7k,bJhaZVeEar,Junior,y,2020-09-30,9999-12-31
274,678770,2018-10-11,jsherington7l,BDYEIc1,Junior,y,2018-10-11,9999-12-31
275,120698,2019-04-10,lholdin7m,LjH8Vm,Junior,y,2019-04-10,9999-12-31
276,891914,2019-06-15,jwethers7n,7KCuOwtzIDj5,Senior,y,2019-06-15,9999-12-31
277,769740,2019-11-29,eantoni7o,rhRBhkhtNVY7,Intern,y,2019-11-29,9999-12-31
278,242065,2020-12-22,lelion7p,yOp7hh7GnpB,Medior,y,2020-12-22,9999-12-31
279,239971,2019-03-16,tgooch7q,HA3e2MHQ0,Intern,y,2019-03-16,9999-12-31
280,454425,2019-02-07,oartus7r,TKcUwctxIX,Junior,y,2019-02-07,9999-12-31
281,872397,2019-08-13,hkinnie7s,CtqxgCfF,Intern,y,2019-08-13,9999-12-31
282,608563,2020-09-25,idameisele7t,HhlCI9CJDEgj,Senior,y,2020-09-25,9999-12-31
283,464321,2018-09-17,msetchfield7u,NaN,Senior,y,2018-09-17,9999-12-31
284,571005,2020-02-24,alongstreet7v,xtnp8x,Intern,y,2020-02-24,9999-12-31
285,488537,2018-02-16,lenderwick7w,NVCBrMGgRgvS,Junior,y,2018-02-16,9999-12-31
286,851542,2019-02-20,ericharson7x,q5uwbtWIo6,Intern,y,2019-02-20,9999-12-31
287,107045,2020-09-13,rmadders7y,J5aKPc5t,Junior,y,2020-09-13,9999-12-31
288,812297,2020-07-16,tbackhurst7z,8ZhEVjGE92oB,Medior,y,2020-07-16,9999-12-31
289,980430,2019-06-03,dcammis80,NuiEXNAI,Medior,y,2019-06-03,9999-12-31
290,178895,2019-02-12,tfrosdick81,rW6sOR,Medior,y,2019-02-12,9999-12-31
291,126527,2018-02-07,tsoldi82,RahC5x7,Senior,y,2018-02-07,9999-12-31
292,496570,2022-08-15,rfarahar83,Ipj2P6LLJ8YX,Medior,y,2022-08-15,9999-12-31
293,113954,2018-12-26,wfollis84,UhXz7ZJO,Intern,y,2018-12-26,9999-12-31
294,443404,2021-12-08,lcraw85,QMWkJ5NAng2,Medior,y,2021-12-08,9999-12-31
295,354933,2018-01-19,gmort86,sdQLJE,Senior,y,2018-01-19,9999-12-31
296,465964,2018-01-15,fpealing87,B6fV2W95vtQ,Intern,y,2018-01-15,9999-12-31
297,210096,2021-08-11,ablesli88,NaN,Medior,y,2021-08-11,9999-12-31
298,766512,2021-05-06,glovering89,Ben3L5cQXXqB,Intern,y,2021-05-06,9999-12-31
299,194419,2021-12-05,cjohnke8a,Bzr9ygjh,Intern,y,2021-12-05,9999-12-31
300,512868,2019-08-06,ktrail8b,8v8hKYQjBoZA,Junior,y,2019-08-06,9999-12-31
301,606790,2021-04-10,madlam8c,cfLuOa,Senior,y,2021-04-10,9999-12-31
302,682266,2019-12-08,grundle8d,Gzn9YPpn,Junior,y,2019-12-08,9999-12-31
303,115298,2022-03-20,fduffell8e,thjdrI,Medior,y,2022-03-20,9999-12-31
304,971502,2021-06-30,kpittel8f,Bh7Gfuykjx,Junior,y,2021-06-30,9999-12-31
305,122808,2018-07-01,ldunbleton8g,NaN,Intern,y,2018-07-01,9999-12-31
306,330334,2021-10-19,lgalbreth8h,QLnQ3shws4so,Senior,y,2021-10-19,9999-12-31
307,583569,2022-08-26,pspiring8i,6JG9ZASX,Medior,y,2022-08-26,9999-12-31
308,612971,2020-12-26,edessent8j,boaP02,Medior,y,2020-12-26,9999-12-31
309,838769,2019-10-31,ptayloe8k,5HlD7zB,Senior,y,2019-10-31,9999-12-31
310,441765,2020-08-08,ajoselevitch8l,GtQPJx17KJ,Intern,y,2020-08-08,9999-12-31
311,982085,2022-08-15,mshirer8m,NaN,Medior,y,2022-08-15,9999-12-31
312,169689,2021-05-01,elombard8n,16rcAQQGcx5,Medior,y,2021-05-01,9999-12-31
313,460290,2019-02-12,cfitt8o,vRcz50PdNE,Junior,y,2019-02-12,9999-12-31
314,463364,2021-12-14,ghargraves8p,l3H9RQbShC,Senior,y,2021-12-14,9999-12-31
315,539072,2019-03-12,mchaffey8q,67ykMDbYO4,Medior,y,2019-03-12,9999-12-31
316,830012,2020-09-30,eminihane8r,tjfQ747gLZo,Medior,y,2020-09-30,9999-12-31
317,555656,2019-10-04,mclench8s,tzot6o98,Senior,y,2019-10-04,9999-12-31
318,745219,2021-05-26,rduncombe8t,roWhyL,Intern,y,2021-05-26,9999-12-31
319,660331,2019-06-18,whawick8u,rDqSwJO,Junior,y,2019-06-18,9999-12-31
320,250615,2021-02-11,alampett8v,pafp1PSwV2J,Medior,y,2021-02-11,9999-12-31
321,746933,2018-01-16,tfarthin8w,IMMn5wP,Medior,y,2018-01-16,9999-12-31
322,312913,2019-08-30,rsultana8x,gP5qCgNBWp,Intern,y,2019-08-30,9999-12-31
323,299618,2022-04-07,dblampy8y,RCdDqLx6PjE,Intern,y,2022-04-07,9999-12-31
324,105321,2022-08-09,ncaseborne8z,2qbdwylTH,Junior,y,2022-08-09,9999-12-31
325,832369,2019-12-07,hmansour90,sf3e8PY9r5Pc,Senior,y,2019-12-07,9999-12-31
326,106730,2022-08-28,cduerden91,0WAia3SuC,Senior,y,2022-08-28,9999-12-31
327,822765,2021-04-25,rmariet92,pIMRcyHeqC,Medior,y,2021-04-25,9999-12-31
328,980077,2018-06-29,eantwis93,ZLqMnld7,Intern,y,2018-06-29,9999-12-31
329,653039,2021-10-18,rdrewell94,kQIYZvmtje,Medior,y,2021-10-18,9999-12-31
330,222673,2018-06-28,aargabrite95,GEJXuOmf7S,Senior,y,2018-06-28,9999-12-31
331,891226,2020-02-11,fadamsen96,YnBKSHAmV,Intern,y,2020-02-11,9999-12-31
332,714749,2022-04-26,obynert97,30fgqUN9,Medior,y,2022-04-26,9999-12-31
333,559611,2018-04-17,rdorton98,7HxnhF,Senior,y,2018-04-17,9999-12-31
334,222703,2019-01-25,bwolverson99,nEpAyJ3NI,Intern,y,2019-01-25,9999-12-31
335,699465,2021-03-12,dowain9a,GnZhRBYmvVDc,Intern,y,2021-03-12,9999-12-31
336,159327,2018-05-07,lflieger9b,MT4qDh,Medior,y,2018-05-07,9999-12-31
337,657009,2020-08-10,ferley9c,2CNKCwn,Medior,y,2020-08-10,9999-12-31
338,713330,2018-10-21,rglanz9d,NNI4lFkLg,Medior,y,2018-10-21,9999-12-31
339,776131,2021-11-03,jeggerton9e,qyJvjvmr895l,Intern,y,2021-11-03,9999-12-31
340,480098,2020-06-02,mjoseff9f,0aKQJi,Junior,y,2020-06-02,9999-12-31
341,646745,2020-05-04,bbeiderbeck9g,scB2C7Wi,Intern,y,2020-05-04,9999-12-31
342,213053,2019-01-25,jcleugher9h,NG2GFfwLx,Junior,y,2019-01-25,9999-12-31
343,606282,2022-01-14,rgilmore9i,e8X0Mws55,Senior,y,2022-01-14,9999-12-31
344,635195,2021-04-29,bcleynaert9j,BkhEgsm76,Intern,y,2021-04-29,9999-12-31
345,121423,2018-04-21,fbidmead9k,tuagR2UoW,Intern,y,2018-04-21,9999-12-31
346,211227,2021-07-30,khobbert9l,AvOtTvH,Senior,y,2021-07-30,9999-12-31
347,318612,2018-11-29,anorrie9m,osKRGO,Junior,y,2018-11-29,9999-12-31
348,110412,2021-12-30,mjagielski9n,teTbn7uSZBwb,Medior,y,2021-12-30,9999-12-31
349,897973,2018-11-12,edufray9o,1MRY4PXh1mr3,Junior,y,2018-11-12,9999-12-31
350,383045,2019-05-21,fagus9p,pT35wtqVivd,Medior,y,2019-05-21,9999-12-31
351,242081,2021-03-31,dverecker9q,lGaFBcnCuzm,Senior,y,2021-03-31,9999-12-31
352,802032,2019-04-05,cwarcop9r,3QmumV,Intern,y,2019-04-05,9999-12-31
353,285409,2018-07-14,rroddick9s,IJY77rexvQ8b,Senior,y,2018-07-14,9999-12-31
354,233631,2021-07-05,edoget9t,oLIU5sNqyjGm,Junior,y,2021-07-05,9999-12-31
355,700427,2018-09-26,renden9u,WVoQ31gS,Intern,y,2018-09-26,9999-12-31
356,258754,2020-10-18,jmurrthum9v,qI3AmrtKI,Junior,y,2020-10-18,9999-12-31
357,770474,2022-07-04,bmacconneely9w,rv7QKKHRPTt,Medior,y,2022-07-04,9999-12-31
358,157604,2019-11-22,msloey9x,7By16O,Senior,y,2019-11-22,9999-12-31
359,772624,2019-08-16,gackland9y,B9YoJRHnmKV,Intern,y,2019-08-16,9999-12-31
360,678152,2019-05-24,tnairy9z,qJiIfV,Junior,y,2019-05-24,9999-12-31
361,821617,2020-07-28,ballworthya0,HNBmrGl,Medior,y,2020-07-28,9999-12-31
362,336798,2019-04-18,mspeddinga1,NaN,Medior,y,2019-04-18,9999-12-31
363,211988,2020-11-12,hmerigota2,RK5UrXKYfo2,Medior,y,2020-11-12,9999-12-31
364,806501,2021-01-15,jstrathearna3,6hYfcXUsRm,Medior,y,2021-01-15,9999-12-31
365,497972,2019-04-30,sjallina4,ueSUYkOi4Jg,Senior,y,2019-04-30,9999-12-31
366,212814,2020-09-21,kvobesa5,n0JfTbB,Intern,y,2020-09-21,9999-12-31
367,613993,2018-09-11,cwaggetta6,egDjuOTnv1N,Junior,y,2018-09-11,9999-12-31
368,900106,2021-05-16,molijvea7,Mzt3iQioD,Senior,y,2021-05-16,9999-12-31
369,528240,2020-05-15,esouthcotta8,mug6XhR8jBKy,Intern,y,2020-05-15,9999-12-31
370,909071,2021-06-28,bberniera9,HA8FY6S5p,Senior,y,2021-06-28,9999-12-31
371,652078,2019-06-30,kkoppelaa,NaN,Senior,y,2019-06-30,9999-12-31
372,669641,2021-01-16,eminicoab,5lKiXvP,Senior,y,2021-01-16,9999-12-31
373,230562,2021-10-03,bpigromeac,ZQZuDvA8,Medior,y,2021-10-03,9999-12-31
374,185192,2020-01-02,blohanad,MWpLrcJCQBpx,Medior,y,2020-01-02,9999-12-31
375,497699,2021-12-06,sfinlryae,PhHrta0rq6P,Intern,y,2021-12-06,9999-12-31
376,423597,2022-08-02,mstegglesaf,NaN,Senior,y,2022-08-02,9999-12-31
377,286514,2018-01-19,aniaveag,9Jjse8tBPwRT,Senior,y,2018-01-19,9999-12-31
378,217166,2021-10-26,sgurnayah,cGX4LwL,Medior,y,2021-10-26,9999-12-31
379,203716,2021-10-01,bdominighiai,M4CCaRVz,Intern,y,2021-10-01,9999-12-31
380,960672,2021-05-02,lriddeaj,AWis5u28g,Junior,y,2021-05-02,9999-12-31
381,881991,2021-11-26,oburchardak,NaN,Medior,y,2021-11-26,9999-12-31
382,491937,2018-11-02,nchiplinal,cwCEX2s2M,Intern,y,2018-11-02,9999-12-31
383,207985,2021-09-13,cbasinigazziam,0R32ViC9Nz,Junior,y,2021-09-13,9999-12-31
384,952518,2020-05-08,bfarloean,xsC6syCQaBEP,Junior,y,2020-05-08,9999-12-31
385,830442,2021-06-04,vgoodieao,NaN,Intern,y,2021-06-04,9999-12-31
386,113698,2019-06-02,bkoppap,NaN,Intern,y,2019-06-02,9999-12-31
387,469247,2022-01-29,ebaulchaq,ZQBmCqDw,Junior,y,2022-01-29,9999-12-31
388,325397,2021-08-01,rdullardar,iQ1M6ffsDq,Junior,y,2021-08-01,9999-12-31
389,943429,2021-03-10,mcurbishleyas,0Bt3VRvoCVdX,Medior,y,2021-03-10,9999-12-31
390,232379,2021-04-28,npaulilloat,h5cPJoSbo,Senior,y,2021-04-28,9999-12-31
391,608598,2018-03-12,araddenburyau,2h6nIQ,Intern,y,2018-03-12,9999-12-31
392,365664,2020-12-27,csauratav,zXktaOsvhZzR,Intern,y,2020-12-27,9999-12-31
393,288209,2021-05-03,fdudmeshaw,XuCU0ElvgAnK,Junior,y,2021-05-03,9999-12-31
394,734921,2021-09-28,aeakleyax,XIWpoGUC,Medior,y,2021-09-28,9999-12-31
395,200442,2019-04-20,wfilyashinay,176XtAINE,Senior,y,2019-04-20,9999-12-31
396,900064,2019-02-05,aokennavainaz,GouS4gUk,Medior,y,2019-02-05,9999-12-31
397,739201,2022-05-04,kbrounsellb0,EhQSgg,Junior,y,2022-05-04,9999-12-31
398,448499,2020-11-20,astanmerb1,1j23VjtCEsj,Senior,y,2020-11-20,9999-12-31
399,683481,2020-09-19,bmaccaheeb2,NsfougItHrhy,Medior,y,2020-09-19,9999-12-31
400,781483,2021-09-16,lfawdreyb3,FkU9q7Qjkw5,Intern,y,2021-09-16,9999-12-31
401,747719,2021-09-27,dgolsbyb4,7Az5xnW,Junior,y,2021-09-27,9999-12-31
402,298555,2021-04-15,hleymanb5,4aB2nuszKK,Senior,y,2021-04-15,9999-12-31
403,195567,2021-03-29,hbeverstockb6,vKGdqPfPfE5,Senior,y,2021-03-29,9999-12-31
404,440711,2021-02-11,dremerb7,4oB7wzwo,Senior,y,2021-02-11,9999-12-31
405,644624,2020-01-26,khayb8,NaN,Senior,y,2020-01-26,9999-12-31
406,798052,2021-09-05,hsteenb9,v0Yo6pNGWeX,Intern,y,2021-09-05,9999-12-31
407,792578,2020-03-25,scullingtonba,OUjbVk,Intern,y,2020-03-25,9999-12-31
408,601861,2019-03-07,tdrippsbb,mUfZquv43,Intern,y,2019-03-07,9999-12-31
409,611363,2018-07-24,bberryclothbc,0yTIyn7EQ1,Senior,y,2018-07-24,9999-12-31
410,150890,2018-06-21,bstockybd,R2Yu8z2M,Junior,y,2018-06-21,9999-12-31
411,706606,2021-11-21,pranklingbe,hirokKyYRfU,Junior,y,2021-11-21,9999-12-31
412,329787,2020-04-11,rjeanonbf,dAQia5VPHLkV,Intern,y,2020-04-11,9999-12-31
413,820671,2020-03-08,orendlebg,j1GKJoB6UH,Junior,y,2020-03-08,9999-12-31
414,463100,2020-11-24,wdoumencbh,QdKiNi,Intern,y,2020-11-24,9999-12-31
415,206064,2020-07-21,ejedrzejewiczbi,8Z4vvH2WkT7u,Intern,y,2020-07-21,9999-12-31
416,177321,2021-01-24,rdarbonbj,IFcnBM8kk,Medior,y,2021-01-24,9999-12-31
417,326132,2020-05-28,ischnitterbk,3Jba8NPqvk3B,Senior,y,2020-05-28,9999-12-31
418,283688,2018-04-12,efryebl,02N9YNf8kdA,Intern,y,2018-04-12,9999-12-31
419,237396,2018-02-11,tmargrembm,TdrBscgM,Junior,y,2018-02-11,9999-12-31
420,903156,2019-11-26,bfaulknerbn,4Vhrn0L0Sub8,Medior,y,2019-11-26,9999-12-31
421,434871,2021-02-12,syekelbo,Ub1hS3H,Intern,y,2021-02-12,9999-12-31
422,739630,2018-03-15,dspriginbp,q0dg4SWl,Medior,y,2018-03-15,9999-12-31
423,323317,2019-07-20,cpittendreighbq,wiC1ys7a,Senior,y,2019-07-20,9999-12-31
424,472422,2018-05-17,bcholominbr,OG9ukxA32VsM,Intern,y,2018-05-17,9999-12-31
425,566364,2022-08-13,hboakbs,ssOeu8rbo8Q9,Junior,y,2022-08-13,9999-12-31
426,563444,2020-01-14,nharringbt,TmXucIUDXi,Senior,y,2020-01-14,9999-12-31
427,441071,2020-03-31,tseabonbu,0Vq4jyjA7s5,Senior,y,2020-03-31,9999-12-31
428,373129,2018-05-24,egallawaybv,Xjn9CFqK9vb,Intern,y,2018-05-24,9999-12-31
429,449522,2019-08-27,yosesnanebw,hhbUV4,Medior,y,2019-08-27,9999-12-31
430,805927,2020-07-10,jyessonbx,avNvTQa,Junior,y,2020-07-10,9999-12-31
431,383962,2018-01-25,mstallwoodby,Ro1DDQpSwu,Junior,y,2018-01-25,9999-12-31
432,564872,2020-10-01,jcookebz,NJHFbUa82E,Intern,y,2020-10-01,9999-12-31
433,919363,2021-06-29,lglazzardc0,NhcZa2lf,Senior,y,2021-06-29,9999-12-31
434,711649,2019-06-09,bvysec1,bKflkANoUvTv,Senior,y,2019-06-09,9999-12-31
435,425047,2018-07-04,gbaumlerc2,Ky3efSCpYl4W,Senior,y,2018-07-04,9999-12-31
436,855546,2021-03-31,cabramskyc3,pgfnB4,Senior,y,2021-03-31,9999-12-31
437,311743,2020-05-23,oriddallc4,tUNRmFuYFwNv,Intern,y,2020-05-23,9999-12-31
438,420957,2021-02-26,crolancec5,NaN,Junior,y,2021-02-26,9999-12-31
439,771434,2021-10-27,mscarffec6,5JveLE,Intern,y,2021-10-27,9999-12-31
440,116043,2019-01-25,clangranc7,uk1KjnF,Medior,y,2019-01-25,9999-12-31
441,585206,2021-02-04,cmacaric8,BaGNXkYVdkx,Medior,y,2021-02-04,9999-12-31
442,886385,2020-05-10,bsebrightc9,H8TOEsOUGqww,Intern,y,2020-05-10,9999-12-31
443,963148,2021-11-24,pvassbenderca,d89XPmc,Senior,y,2021-11-24,9999-12-31
444,888889,2020-12-15,dbeuschercb,88QUtPTurhsI,Senior,y,2020-12-15,9999-12-31
445,874604,2018-12-01,dmatthauscc,NaN,Junior,y,2018-12-01,9999-12-31
446,104243,2022-03-16,tbromheadcd,hyJu4nUQOk,Junior,y,2022-03-16,9999-12-31
447,802232,2018-10-03,kpottiece,ewBkG2G,Junior,y,2018-10-03,9999-12-31
448,971847,2019-03-15,hsleathcf,QjVbYmRa,Medior,y,2019-03-15,9999-12-31
449,542696,2021-02-09,lwathencg,8IdbmQb3FvsL,Junior,y,2021-02-09,9999-12-31
450,444429,2021-08-05,astallonch,LdIKEWhHVCm,Intern,y,2021-08-05,9999-12-31
451,197206,2020-06-16,ddhoogeci,fJKFiiMYIGGg,Medior,y,2020-06-16,9999-12-31
452,114178,2021-02-10,mchuggcj,czXMDZHX2,Junior,y,2021-02-10,9999-12-31
453,361239,2021-07-09,dbettlestoneck,k7fP0OkiS,Intern,y,2021-07-09,9999-12-31
454,819903,2019-03-01,rboeckecl,axWNzG4Q2gV,Intern,y,2019-03-01,9999-12-31
455,655806,2021-06-16,kbacklercm,8nEHFYWxZuL,Medior,y,2021-06-16,9999-12-31
456,901582,2018-02-20,jiveaghcn,38ibu4,Senior,y,2018-02-20,9999-12-31
457,557344,2018-01-13,clittledykeco,jWx8SrNoFIcP,Medior,y,2018-01-13,9999-12-31
458,906438,2019-12-11,folyffcp,dgQBhi6Jqg,Senior,y,2019-12-11,9999-12-31
459,644225,2021-03-13,fgablercq,S1TMKKs6WZ,Intern,y,2021-03-13,9999-12-31
460,390310,2021-06-26,cmorrittcr,a5G7s0,Senior,y,2021-06-26,9999-12-31
461,762414,2018-01-01,wcecics,NaN,Junior,y,2018-01-01,9999-12-31
462,395229,2019-09-04,vgrinnikovct,eNSU88Na,Intern,y,2019-09-04,9999-12-31
463,137276,2020-07-12,ggladdifhcu,R8LhgAh,Senior,y,2020-07-12,9999-12-31
464,865807,2019-09-16,mpoorcv,7RFNAV,Senior,y,2019-09-16,9999-12-31
465,695196,2019-11-19,cstorchcw,tdstWTSnPNGU,Intern,y,2019-11-19,9999-12-31
466,713662,2021-04-19,cadriaancx,7RFi6K,Medior,y,2021-04-19,9999-12-31
467,386138,2020-02-28,fscinellicy,9R2tw40II,Medior,y,2020-02-28,9999-12-31
468,542106,2019-01-18,jkristufekcz,UXssnCBkEz,Medior,y,2019-01-18,9999-12-31
469,310034,2021-05-30,aputnamd0,hVP1y9Q810h,Intern,y,2021-05-30,9999-12-31
470,829561,2018-05-01,ksawreyd1,Wkb3noSpQX,Junior,y,2018-05-01,9999-12-31
471,735188,2018-12-26,lgilpilland2,uUpewJav1,Intern,y,2018-12-26,9999-12-31
472,230660,2021-02-07,coxburghd3,GtBh1T,Medior,y,2021-02-07,9999-12-31
473,987652,2018-12-15,gcordayd4,LBY0NrAp,Medior,y,2018-12-15,9999-12-31
474,480474,2021-04-05,apennid5,NaN,Intern,y,2021-04-05,9999-12-31
475,161118,2021-06-27,bbirtled6,RQ46zcqN1H2,Senior,y,2021-06-27,9999-12-31
476,607479,2022-08-02,vnorthoverd7,m8WLzT1,Senior,y,2022-08-02,9999-12-31
477,171841,2021-07-05,lmapstond8,rQ23Zm8q,Junior,y,2021-07-05,9999-12-31
478,416180,2021-07-16,rovendend9,sN1eoRy,Senior,y,2021-07-16,9999-12-31
479,585905,2021-07-25,fhueyda,fGfQTY2cjn0,Intern,y,2021-07-25,9999-12-31
480,921066,2018-05-21,gvanderveldedb,mXY9HEG,Medior,y,2018-05-21,9999-12-31
481,547055,2018-12-06,rsheldrakedc,NaN,Medior,y,2018-12-06,9999-12-31
482,625347,2020-12-07,rhaseleydd,wlMnAayiS7,Medior,y,2020-12-07,9999-12-31
483,994588,2021-01-09,cdrynande,aCvqCl,Senior,y,2021-01-09,9999-12-31
484,912294,2019-04-29,bgodbolddf,NaN,Medior,y,2019-04-29,9999-12-31
485,745785,2021-01-08,sgerrensdg,pAkW492N,Intern,y,2021-01-08,9999-12-31
486,279262,2019-07-24,mrandalldh,Mj3EG8dT,Medior,y,2019-07-24,9999-12-31
487,783685,2021-02-13,eaughtondi,e0mFgj5,Intern,y,2021-02-13,9999-12-31
488,581123,2022-03-04,dcastaniedj,Sv4CsYjx5SX,Junior,y,2022-03-04,9999-12-31
489,158340,2021-03-10,lnewvilldk,Dp7d4kqWfNH,Medior,y,2021-03-10,9999-12-31
490,165968,2020-10-12,gwarsopdl,vVeFFqrcE,Senior,y,2020-10-12,9999-12-31
491,508857,2020-11-17,tashfolddm,OAGYvfk7Tn9j,Junior,y,2020-11-17,9999-12-31
492,902040,2018-03-04,gdomicandn,runD72feHEa4,Senior,y,2018-03-04,9999-12-31
493,626888,2019-08-04,cyvondo,RHrySx,Medior,y,2019-08-04,9999-12-31
494,789304,2021-01-17,ofulksdp,9vCyKs6Ow,Intern,y,2021-01-17,9999-12-31
495,140798,2022-02-16,tmckillopdq,Qid2cpJ,Senior,y,2022-02-16,9999-12-31
496,908125,2020-11-14,cloveittdr,VIcp0n,Medior,y,2020-11-14,9999-12-31
497,182110,2022-05-05,rmattimoeds,DqktuDwsE0,Senior,y,2022-05-05,9999-12-31
498,349657,2019-01-10,mbigriggdt,sIRbwHtJh,Medior,y,2019-01-10,9999-12-31
499,256791,2019-01-26,obarbarydu,vazOFl,Intern,y,2019-01-26,9999-12-31
500,910919,2022-04-30,efloridv,KM7QWCyI,Junior,y,2022-04-30,9999-12-31
501,309052,2021-11-19,qmebiusdw,EqHOKPJYi,Junior,y,2021-11-19,9999-12-31
502,349742,2018-03-31,dbarcadx,gAGiOSkbupW9,Senior,y,2018-03-31,9999-12-31
503,446810,2022-07-16,smatczakdy,zPQLm8o,Intern,y,2022-07-16,9999-12-31
504,319858,2020-07-06,rstainingdz,f6cj2jeh,Senior,y,2020-07-06,9999-12-31
505,281790,2018-04-16,dbrealeye0,z6q8qfG,Senior,y,2018-04-16,9999-12-31
506,648726,2018-10-05,ffrizelle1,VZppUpKoqPP,Medior,y,2018-10-05,9999-12-31
507,270043,2021-12-31,bkleehuhlere2,qO98dNhtzjJr,Senior,y,2021-12-31,9999-12-31
508,385211,2019-06-04,hfitzsimone3,drZfBM,Medior,y,2019-06-04,9999-12-31
509,197533,2019-09-06,kortae4,H238V0Db2AO,Junior,y,2019-09-06,9999-12-31
510,219941,2019-12-22,kwillshawe5,itl7NBPv,Junior,y,2019-12-22,9999-12-31
511,128683,2018-08-09,brounsefelle6,QbtMV4,Medior,y,2018-08-09,9999-12-31
512,954443,2018-01-31,rrickse7,X5sLtvEdrcXM,Intern,y,2018-01-31,9999-12-31
513,178251,2018-12-03,vbeale8,Nihu01Lq9ai,Medior,y,2018-12-03,9999-12-31
514,815283,2018-09-21,tmatelyunase9,AcgDYzjxrC,Junior,y,2018-09-21,9999-12-31
515,819516,2019-09-11,nnormantonea,eCPEQkDk7PX,Intern,y,2019-09-11,9999-12-31
516,554891,2021-07-10,jnewdickeb,YwSs6l4yXSd,Senior,y,2021-07-10,9999-12-31
517,544475,2021-05-22,tadshedeec,LrgO0IUaMQe,Junior,y,2021-05-22,9999-12-31
518,113238,2019-03-07,mfenneyed,rQrhuYuoiGUa,Senior,y,2019-03-07,9999-12-31
519,383646,2018-08-27,wrangleee,51w39BwgrFr,Senior,y,2018-08-27,9999-12-31
520,748504,2019-11-04,jheathwoodef,AxPlzGj28d8,Intern,y,2019-11-04,9999-12-31
521,465385,2018-01-30,jdriffieldeg,lLB3YXsgZK,Junior,y,2018-01-30,9999-12-31
522,377311,2021-06-14,baikenheadeh,817kAVAWtT,Junior,y,2021-06-14,9999-12-31
523,203007,2021-08-03,bbranfordei,ExNugZFc,Senior,y,2021-08-03,9999-12-31
524,724772,2022-01-01,lkistingej,3wvmc4Oo,Intern,y,2022-01-01,9999-12-31
525,282861,2019-08-06,abarthrupek,TBrmnaOuM,Senior,y,2019-08-06,9999-12-31
526,365509,2019-08-17,gimasonel,NaN,Junior,y,2019-08-17,9999-12-31
527,940229,2021-08-14,bkarolyiem,NaN,Medior,y,2021-08-14,9999-12-31
528,407852,2020-09-20,eaharonien,1Q3e9zcFZ,Junior,y,2020-09-20,9999-12-31
529,809924,2021-11-17,blarrawayeo,FrtITMBml,Intern,y,2021-11-17,9999-12-31
530,727715,2020-01-26,hdormonep,hr6ypt4Z,Junior,y,2020-01-26,9999-12-31
531,205517,2020-12-19,rforoeq,N4IIqPGnn,Junior,y,2020-12-19,9999-12-31
532,620731,2022-05-21,mwoolwayer,re82kZN,Intern,y,2022-05-21,9999-12-31
533,233331,2018-07-31,wgyngelles,uXBi178,Senior,y,2018-07-31,9999-12-31
534,547136,2020-08-20,lgodwinet,WNek6x9HEq,Medior,y,2020-08-20,9999-12-31
535,989155,2022-04-13,mstangeleu,YrMxjQT,Medior,y,2022-04-13,9999-12-31
536,181369,2020-09-23,rgillbeyev,fztffbvPY,Senior,y,2020-09-23,9999-12-31
537,198145,2020-06-03,himlenew,Nc9PQMxp,Medior,y,2020-06-03,9999-12-31
538,101305,2022-06-03,lguiseex,XPHQSR4dS,Intern,y,2022-06-03,9999-12-31
539,706216,2021-11-09,jbertsoney,BafajiO,Intern,y,2021-11-09,9999-12-31
540,638650,2019-10-06,vdalyielez,jofty8zeoM,Medior,y,2019-10-06,9999-12-31
541,873469,2021-04-13,esedenf0,9HWLNCor0jc,Intern,y,2021-04-13,9999-12-31
542,115238,2018-07-30,tmowattf1,60l9O3uK,Junior,y,2018-07-30,9999-12-31
543,572447,2020-11-02,mburchillf2,v7A2vb,Junior,y,2020-11-02,9999-12-31
544,177641,2020-01-23,wcastagnetof3,NaN,Senior,y,2020-01-23,9999-12-31
545,237723,2018-07-05,gcharnockf4,o4arnO,Intern,y,2018-07-05,9999-12-31
546,754594,2022-03-10,tsizzeyf5,f27FRNrsPg0r,Medior,y,2022-03-10,9999-12-31
547,689652,2020-02-02,llanferef6,04RLSd,Intern,y,2020-02-02,9999-12-31
548,949851,2019-12-22,flavisf7,H0F8ua,Intern,y,2019-12-22,9999-12-31
549,871366,2019-07-17,nvacherf8,ii7ox5f25Km,Intern,y,2019-07-17,9999-12-31
550,170416,2019-08-02,haynoldf9,cnWJSPr,Senior,y,2019-08-02,9999-12-31
551,808362,2018-03-02,mwhifefa,toXL8cBE7u,Junior,y,2018-03-02,9999-12-31
552,104727,2022-02-05,mquidenhamfb,T2hOrNEn3c,Senior,y,2022-02-05,9999-12-31
553,935602,2020-08-08,hmclaefc,rhOx2PmBZHP,Junior,y,2020-08-08,9999-12-31
554,610352,2020-03-14,avaunfd,kKzgWlDOh,Junior,y,2020-03-14,9999-12-31
555,849924,2020-11-11,ncarruthersfe,PEhrWOcyEzUl,Junior,y,2020-11-11,9999-12-31
556,864557,2019-09-02,csaldlerff,7SKfpxP2x,Junior,y,2019-09-02,9999-12-31
557,228749,2019-07-05,bmuskfg,96iLHRIU,Senior,y,2019-07-05,9999-12-31
558,774178,2020-05-14,cweltonfh,HFeOb1cWvic,Medior,y,2020-05-14,9999-12-31
559,429480,2020-05-14,flummfi,1KioWaUn,Medior,y,2020-05-14,9999-12-31
560,961855,2018-08-02,darlowfj,gZyBB3pISY,Junior,y,2018-08-02,9999-12-31
561,624137,2020-09-24,pvialfk,7LBdDZMVeO,Intern,y,2020-09-24,9999-12-31
562,348380,2019-12-11,kstegellfl,i39DKUr,Intern,y,2019-12-11,9999-12-31
563,129405,2018-03-07,sdraggefm,GUpBpVy,Senior,y,2018-03-07,9999-12-31
564,544593,2021-07-03,aseersfn,NaN,Intern,y,2021-07-03,9999-12-31
565,820908,2020-01-11,rmaccrachenfo,dTTu0g,Senior,y,2020-01-11,9999-12-31
566,371184,2019-01-30,sscreechfp,kEztr18EC2,Junior,y,2019-01-30,9999-12-31
567,808259,2019-12-17,ileydonfq,mcov24,Medior,y,2019-12-17,9999-12-31
568,868859,2018-10-29,chandesfr,F5BEctVJDmN,Junior,y,2018-10-29,9999-12-31
569,447724,2018-05-04,sbaythorpfs,e9UD988SZx6q,Junior,y,2018-05-04,9999-12-31
570,539948,2018-02-12,aivakhinft,OEBarr,Junior,y,2018-02-12,9999-12-31
571,619632,2019-04-29,ybransomfu,bF2zUp,Intern,y,2019-04-29,9999-12-31
572,962976,2019-10-21,ocoarefv,U28PHqLtxx,Senior,y,2019-10-21,9999-12-31
573,225183,2022-08-16,fiannettifw,Gm7972XO,Intern,y,2022-08-16,9999-12-31
574,122209,2021-02-27,medgsonfx,65WbKYIq0,Intern,y,2021-02-27,9999-12-31
575,682096,2019-08-15,drobottomfy,LNlbJ2QT1,Junior,y,2019-08-15,9999-12-31
576,306354,2020-11-14,rduckworthfz,dxuubl1YRL,Junior,y,2020-11-14,9999-12-31
577,296415,2020-06-28,ethysg0,wdMCFp,Intern,y,2020-06-28,9999-12-31
578,225061,2019-06-10,neamerg1,PV2Bwex,Intern,y,2019-06-10,9999-12-31
579,685089,2022-04-23,ikoomarg2,Tjf8c9,Medior,y,2022-04-23,9999-12-31
580,203123,2022-02-15,tginityg3,5ofUZgEU,Junior,y,2022-02-15,9999-12-31
581,297181,2019-05-10,ejeannelg4,NaN,Intern,y,2019-05-10,9999-12-31
582,228473,2019-05-21,mgreetlandg5,GF4EOt,Senior,y,2019-05-21,9999-12-31
583,444009,2018-07-20,ebellowsg6,BO26vA,Senior,y,2018-07-20,9999-12-31
584,558279,2019-05-30,tsydesg7,iF4TdKuAdp,Junior,y,2019-05-30,9999-12-31
585,247037,2019-02-06,mtrottg8,uoEu1mI,Junior,y,2019-02-06,9999-12-31
586,134322,2022-02-19,afontelg9,Vf8m7N,Senior,y,2022-02-19,9999-12-31
587,127019,2019-01-08,braschga,FN20pQW8H,Junior,y,2019-01-08,9999-12-31
588,940920,2020-05-10,cbosdetgb,AofYmxWk,Senior,y,2020-05-10,9999-12-31
589,796260,2020-08-15,pbusekgc,yNIzMb5n,Junior,y,2020-08-15,9999-12-31
590,184116,2020-02-15,dfolbigegd,xRCZs9P0bAEk,Junior,y,2020-02-15,9999-12-31
591,801074,2018-03-11,abensenge,JuTy4moW7,Intern,y,2018-03-11,9999-12-31
592,366159,2021-09-11,freddingtongf,7AHwrW4,Intern,y,2021-09-11,9999-12-31
593,751958,2022-06-08,acallerygg,KQj2ej7q4Z,Intern,y,2022-06-08,9999-12-31
594,846019,2022-06-17,jcolvillgh,A1wfBNFCD2,Medior,y,2022-06-17,9999-12-31
595,663951,2018-05-28,sfowellgi,P7bdpFp8FnFg,Senior,y,2018-05-28,9999-12-31
596,201229,2022-07-01,kstolberggj,xJHm0FYDZ,Medior,y,2022-07-01,9999-12-31
597,132610,2018-01-15,lbedlingtongk,UbNdjryN,Junior,y,2018-01-15,9999-12-31
598,469015,2021-01-11,dmcgorleygl,6TihOdRWUi,Intern,y,2021-01-11,9999-12-31
599,503094,2022-02-27,chornbucklegm,NaN,Junior,y,2022-02-27,9999-12-31
600,593703,2021-08-18,dprobartgn,GLiHFSn3fJk,Junior,y,2021-08-18,9999-12-31
601,593137,2022-01-15,acorckgo,y3xwOncro8H,Medior,y,2022-01-15,9999-12-31
602,790920,2021-11-20,chumpherstongp,kBRrV3nXcW,Intern,y,2021-11-20,9999-12-31
603,842012,2019-08-25,ccamelligq,R2eZGIhdwK,Junior,y,2019-08-25,9999-12-31
604,905334,2021-09-20,cpiertongr,AZeTLFF6b4,Medior,y,2021-09-20,9999-12-31
605,550878,2019-07-04,amabbettgs,wiaoXuQz0El,Senior,y,2019-07-04,9999-12-31
606,213555,2021-03-20,hklimovgt,qerJ1VcyG,Medior,y,2021-03-20,9999-12-31
607,816043,2022-07-05,rjakogu,4dkxpY,Medior,y,2022-07-05,9999-12-31
608,441710,2018-09-22,cllewellengv,dJUBriI,Intern,y,2018-09-22,9999-12-31
609,784549,2022-02-17,drobilliardgw,SlvprEpSv,Senior,y,2022-02-17,9999-12-31
610,195741,2019-05-23,fdurogx,HaZG5AX1YLA2,Junior,y,2019-05-23,9999-12-31
611,739382,2021-10-10,mfluckergy,z1Uzq2,Senior,y,2021-10-10,9999-12-31
612,837246,2018-08-16,ldallywatergz,NaN,Medior,y,2018-08-16,9999-12-31
613,572956,2021-09-17,tsailsh0,mO4LnKwGk5,Intern,y,2021-09-17,9999-12-31
614,463181,2022-04-24,aticeh1,tHmNpsFs2V81,Senior,y,2022-04-24,9999-12-31
615,226795,2020-12-09,ldummiganh2,7N0eLR98C9QK,Medior,y,2020-12-09,9999-12-31
616,122078,2022-08-05,cairesh3,7myY8fepyk,Junior,y,2022-08-05,9999-12-31
617,189079,2021-05-15,hhartmanh4,yJs8ozWM,Medior,y,2021-05-15,9999-12-31
618,874617,2018-01-02,cboikh5,OLIJG0NuzlS,Intern,y,2018-01-02,9999-12-31
619,476973,2018-04-18,vilsonh6,NaN,Intern,y,2018-04-18,9999-12-31
620,963021,2021-10-30,pspreadh7,NaN,Medior,y,2021-10-30,9999-12-31
621,324833,2020-04-30,bbeedonh8,e7VhdROIny,Medior,y,2020-04-30,9999-12-31
622,846566,2020-02-12,acoadh9,z8RpUe,Intern,y,2020-02-12,9999-12-31
623,872125,2019-10-30,psawlha,KWbBtiFu,Junior,y,2019-10-30,9999-12-31
624,782828,2019-09-30,espeirshb,NaN,Intern,y,2019-09-30,9999-12-31
625,740079,2019-04-11,rhobbenhc,iNpxWwcjh,Junior,y,2019-04-11,9999-12-31
626,820227,2022-02-21,hheggeshd,k5505kJpuN,Intern,y,2022-02-21,9999-12-31
627,262972,2021-08-26,esteljeshe,9EmBk4RZL,Senior,y,2021-08-26,9999-12-31
628,527147,2018-03-10,obareheadhf,23LJhUex,Junior,y,2018-03-10,9999-12-31
629,696842,2018-06-10,khoulthamhg,hb7AUZWYKvwa,Intern,y,2018-06-10,9999-12-31
630,780697,2021-04-07,bbridglandhh,EG1kjTM9cKo,Medior,y,2021-04-07,9999-12-31
631,577649,2018-04-23,obuxsyhi,cdbGVLg3,Medior,y,2018-04-23,9999-12-31
632,582240,2020-12-31,hbreretonhj,3YZoohAek,Intern,y,2020-12-31,9999-12-31
633,159524,2021-05-18,bbeattyhk,W0n7u1Rt,Intern,y,2021-05-18,9999-12-31
634,745132,2022-05-02,tmatyjahl,YqJo15P,Junior,y,2022-05-02,9999-12-31
635,205174,2022-02-10,bellesworthehm,84jVMiH9L,Medior,y,2022-02-10,9999-12-31
636,834989,2018-05-22,vsimmonitehn,NaN,Medior,y,2018-05-22,9999-12-31
637,473509,2019-07-23,wmaccafferkyho,DXv55FbFt,Senior,y,2019-07-23,9999-12-31
638,740151,2020-06-14,mdouthwaitehp,B4Q9U9Nc,Senior,y,2020-06-14,9999-12-31
639,541421,2019-12-30,dyellowleeshq,cPlb2L,Senior,y,2019-12-30,9999-12-31
640,539061,2018-11-19,ocrimhr,f1HN3oYLCy,Intern,y,2018-11-19,9999-12-31
641,568473,2019-08-13,bmeritonhs,iYVcdv,Junior,y,2019-08-13,9999-12-31
642,501474,2019-09-30,plouderht,5ca7bXfkW,Junior,y,2019-09-30,9999-12-31
643,869887,2021-06-14,dpurvesshu,i6PzPzUL2i,Senior,y,2021-06-14,9999-12-31
644,465702,2020-02-20,fpasmorehv,UbvtHVZ,Junior,y,2020-02-20,9999-12-31
645,668420,2020-06-12,bknappehw,jq0WTmYIp,Junior,y,2020-06-12,9999-12-31
646,679110,2019-06-28,vmcdonandhx,XAawOx3QJD,Junior,y,2019-06-28,9999-12-31
647,328187,2020-11-26,trevanhy,wK17G3PacB,Senior,y,2020-11-26,9999-12-31
648,156509,2021-08-24,lcastleshz,TYMxZkIWO4p,Junior,y,2021-08-24,9999-12-31
649,790691,2018-02-05,thaughini0,T3VtGmyU8,Medior,y,2018-02-05,9999-12-31
650,765891,2022-06-22,cgoliglyi1,469afp7KU,Junior,y,2022-06-22,9999-12-31
651,412947,2022-07-10,smagennyi2,NSeZXvtijM,Medior,y,2022-07-10,9999-12-31
652,463008,2021-06-09,imaniei3,xL6GdiIur,Medior,y,2021-06-09,9999-12-31
653,139904,2020-10-20,fdavidi4,UcPCTJ1duR,Medior,y,2020-10-20,9999-12-31
654,746268,2022-04-02,dhacquoili5,MEEjx5cSP,Intern,y,2022-04-02,9999-12-31
655,162619,2019-02-19,fdeortegai6,hUwxZFU,Medior,y,2019-02-19,9999-12-31
656,590704,2019-06-23,lschimkei7,vwZxld4UnWrz,Medior,y,2019-06-23,9999-12-31
657,683069,2022-08-02,dmedgewicki8,j8Oo3VK,Senior,y,2022-08-02,9999-12-31
658,847689,2018-01-20,ecardenozai9,qbAifEEtk,Senior,y,2018-01-20,9999-12-31
659,313773,2020-01-09,ldobrovolskiia,oobUkSPAKw,Senior,y,2020-01-09,9999-12-31
660,573413,2018-07-03,clorencib,uUeLnUNGNIl6,Senior,y,2018-07-03,9999-12-31
661,338956,2019-04-06,iknowlleric,cGjTnPQ,Intern,y,2019-04-06,9999-12-31
662,767084,2019-09-07,dhritzkoid,fAJYdQIZE,Medior,y,2019-09-07,9999-12-31
663,643039,2020-11-08,ktupieie,xZuuHg2,Medior,y,2020-11-08,9999-12-31
664,474851,2021-05-13,ayukhnevichif,L061ls,Intern,y,2021-05-13,9999-12-31
665,282817,2021-09-22,zbishoppig,aUjJ5mdRE8,Medior,y,2021-09-22,9999-12-31
666,497014,2020-10-14,dworrellih,6tbm3j,Junior,y,2020-10-14,9999-12-31
667,235623,2019-04-13,bparkesii,8tLuljPj,Medior,y,2019-04-13,9999-12-31
668,885802,2019-10-19,dgerardeauxij,UeorRYC,Intern,y,2019-10-19,9999-12-31
669,471209,2021-01-03,wrosternik,BINFVIo,Intern,y,2021-01-03,9999-12-31
670,465500,2020-07-08,thanafordil,QeY0WVNJBM,Intern,y,2020-07-08,9999-12-31
671,690544,2020-01-02,selldredim,ZD1KaKz4qu,Medior,y,2020-01-02,9999-12-31
672,539678,2020-07-04,lbasindalein,ac3uefT8YdK,Intern,y,2020-07-04,9999-12-31
673,210055,2021-07-15,zberzenio,8jshItq,Intern,y,2021-07-15,9999-12-31
674,127818,2019-02-15,bchastanetip,P43k9Cn,Medior,y,2019-02-15,9999-12-31
675,460053,2019-08-25,dcameliniq,XbJofrtHt,Intern,y,2019-08-25,9999-12-31
676,701194,2018-11-01,acatoir,c7J0IBSSn,Senior,y,2018-11-01,9999-12-31
677,379082,2018-08-06,lsavinis,NaN,Intern,y,2018-08-06,9999-12-31
678,416806,2020-05-23,ebogeyit,UyLuF28VZZC8,Senior,y,2020-05-23,9999-12-31
679,674475,2021-01-14,ntanswelliu,WioR1t,Senior,y,2021-01-14,9999-12-31
680,522743,2021-07-13,dpriskiv,qsQlzj,Senior,y,2021-07-13,9999-12-31
681,477534,2018-06-13,nartissiw,NaN,Junior,y,2018-06-13,9999-12-31
682,440944,2018-08-05,asmithermanix,5q3p6n,Intern,y,2018-08-05,9999-12-31
683,258065,2020-12-11,eredbourniy,4Gy9FM,Intern,y,2020-12-11,9999-12-31
684,466984,2020-09-16,amcglaughniz,4yv3x2qE6r,Medior,y,2020-09-16,9999-12-31
685,234687,2021-10-16,troylancej0,cP9nOl,Senior,y,2021-10-16,9999-12-31
686,490020,2021-08-06,adwanej1,9bVfpy,Intern,y,2021-08-06,9999-12-31
687,792429,2022-07-18,hdumphyj2,3t1Yshxj6,Intern,y,2022-07-18,9999-12-31
688,667908,2021-10-11,rtunstallj3,dWp8guWxGbil,Senior,y,2021-10-11,9999-12-31
689,715535,2022-02-07,woldacresj4,nz63SEQt1aw8,Medior,y,2022-02-07,9999-12-31
690,971180,2020-12-16,efretsonj5,nkoGj4mA3,Intern,y,2020-12-16,9999-12-31
691,906244,2018-09-16,dshonej6,NaN,Intern,y,2018-09-16,9999-12-31
692,923832,2019-05-17,cpowderj7,cKddJUel,Senior,y,2019-05-17,9999-12-31
693,703611,2021-09-05,rcarvilj8,iHBxhNddb,Intern,y,2021-09-05,9999-12-31
694,712062,2018-01-07,ebawlesj9,cTbEIF9BZ8,Medior,y,2018-01-07,9999-12-31
695,165363,2021-01-18,tblazdellja,LeChGu025D,Medior,y,2021-01-18,9999-12-31
696,481165,2018-05-11,smeryettjb,wfjKcvxQMDr,Senior,y,2018-05-11,9999-12-31
697,214360,2021-11-08,msansomejc,Hn8a44hf,Senior,y,2021-11-08,9999-12-31
698,819454,2022-08-17,rmacdirmidjd,J7UINmtMZ,Medior,y,2022-08-17,9999-12-31
699,714871,2021-03-23,gfeldsteinje,IVQc6jLP4x5J,Medior,y,2021-03-23,9999-12-31
700,176697,2020-05-21,lmoraleejf,n1ibmgOAb4,Senior,y,2020-05-21,9999-12-31
701,977769,2019-10-23,kgaugejg,nHF5iJV,Junior,y,2019-10-23,9999-12-31
702,821159,2018-10-19,ssussamsjh,w9kMbatoPTLN,Junior,y,2018-10-19,9999-12-31
703,126560,2021-06-10,tlashfordji,QrtLfLF,Senior,y,2021-06-10,9999-12-31
704,376824,2019-04-04,cgrishankovjj,nY8bZOIFw6M,Medior,y,2019-04-04,9999-12-31
705,796892,2021-06-17,sbussettijk,GZkLNR8yJOe,Senior,y,2021-06-17,9999-12-31
706,390257,2021-02-13,vblodgettsjl,UOda2TpeKki,Intern,y,2021-02-13,9999-12-31
707,770940,2020-03-07,gblantjm,fSpu21Klicre,Senior,y,2020-03-07,9999-12-31
708,121336,2020-07-12,jfoshjn,8DBIlaVvawf,Junior,y,2020-07-12,9999-12-31
709,629600,2019-08-29,pcartmelljo,Wh9mfp,Junior,y,2019-08-29,9999-12-31
710,782482,2020-10-29,cdearlovejp,0InYvNBh,Junior,y,2020-10-29,9999-12-31
711,184067,2022-03-09,ohuwsjq,NaN,Senior,y,2022-03-09,9999-12-31
712,983842,2020-11-02,mfranzeljr,bBPP9TxV,Senior,y,2020-11-02,9999-12-31
713,129436,2020-09-17,cmonseyjs,Usk5CMg8,Medior,y,2020-09-17,9999-12-31
714,917320,2018-10-08,qmacfadyenjt,ADwqKItW,Medior,y,2018-10-08,9999-12-31
715,284763,2019-07-11,ckeddieju,dultvuWy,Junior,y,2019-07-11,9999-12-31
716,265306,2018-09-10,aswyndleyjv,bJKiqgqV,Junior,y,2018-09-10,9999-12-31
717,853510,2019-08-02,swhittonjw,CMauAtWCE,Senior,y,2019-08-02,9999-12-31
718,874120,2020-11-03,mlelandejx,pmEbDp,Medior,y,2020-11-03,9999-12-31
719,878316,2018-04-16,kdumberrilljy,Io7jXiarg,Senior,y,2018-04-16,9999-12-31
720,726395,2021-03-13,dkollasjz,689n7Rea6,Medior,y,2021-03-13,9999-12-31
721,635365,2020-12-16,npepik0,qNIqZ7LIan,Junior,y,2020-12-16,9999-12-31
722,329165,2020-08-14,lwaynek1,NaN,Intern,y,2020-08-14,9999-12-31
723,532699,2018-03-28,hdorrk2,0Ng43T,Senior,y,2018-03-28,9999-12-31
724,233125,2022-04-03,cplewsk3,QrZXJwxqk1Rs,Intern,y,2022-04-03,9999-12-31
725,105595,2021-11-08,dcarillok4,kYdfPGGCYb1,Medior,y,2021-11-08,9999-12-31
726,311711,2019-05-09,mbaylessk5,KgfnXv,Junior,y,2019-05-09,9999-12-31
727,294190,2019-11-14,jfaichniek6,Or5wdfvFvi,Junior,y,2019-11-14,9999-12-31
728,435205,2020-11-05,enoursek7,QjZNlE,Junior,y,2020-11-05,9999-12-31
729,724333,2018-03-01,rmcavincheyk8,OnHnbA,Medior,y,2018-03-01,9999-12-31
730,130834,2021-04-02,cshippardk9,AtidPKtmT,Intern,y,2021-04-02,9999-12-31
731,396865,2022-07-17,wcheckettska,7UymEz,Intern,y,2022-07-17,9999-12-31
732,728494,2020-03-01,abrydekb,NaN,Senior,y,2020-03-01,9999-12-31
733,254416,2020-07-05,smillekc,Cz0knGAm1Fj,Medior,y,2020-07-05,9999-12-31
734,536205,2019-08-12,ltoppinkd,QhXF1AuI,Junior,y,2019-08-12,9999-12-31
735,961257,2021-10-15,frudolphke,GDhwCJwAnSz,Junior,y,2021-10-15,9999-12-31
736,727364,2020-06-12,cmcgennkf,FcIe9c0s,Senior,y,2020-06-12,9999-12-31
737,200301,2018-03-02,rpontekg,vDbGEtLl2gfg,Intern,y,2018-03-02,9999-12-31
738,115525,2020-12-16,nuddenkh,rIpLVH,Medior,y,2020-12-16,9999-12-31
739,352649,2022-02-28,cartuski,OcknQn8DA,Senior,y,2022-02-28,9999-12-31
740,983001,2022-05-09,nhitscherkj,ADYmGZh7,Senior,y,2022-05-09,9999-12-31
741,243088,2020-05-06,cdonisokk,W4xCTYqNrOpl,Senior,y,2020-05-06,9999-12-31
742,183104,2020-12-22,ddiehnkl,BqEgRUL9,Junior,y,2020-12-22,9999-12-31
743,570902,2021-11-03,mallderkm,Ubw1HO7OK,Intern,y,2021-11-03,9999-12-31
744,187597,2022-02-23,dmillkn,uSaaVdHBbP5N,Intern,y,2022-02-23,9999-12-31
745,225956,2021-12-12,ianthonsenko,MwQMyxh,Intern,y,2021-12-12,9999-12-31
746,596525,2022-01-07,dprowsekp,n4pBuV,Intern,y,2022-01-07,9999-12-31
747,993044,2018-06-05,bcornillikq,tC7mJ0T,Junior,y,2018-06-05,9999-12-31
748,514935,2020-12-29,ksorkr,8qUIyc6f,Intern,y,2020-12-29,9999-12-31
749,855069,2022-07-15,brubkeks,emctbN8CXUiB,Junior,y,2022-07-15,9999-12-31
750,737153,2018-07-22,mlarrowaykt,R3nrRgOl,Intern,y,2018-07-22,9999-12-31
751,373447,2019-09-23,aolenaneku,zAa7W5Bdd,Senior,y,2019-09-23,9999-12-31
752,149348,2022-07-26,mbucktharpkv,IHNLtI9,Senior,y,2022-07-26,9999-12-31
753,111747,2022-01-13,pgambrellkw,FJ1D4d3y8,Senior,y,2022-01-13,9999-12-31
754,517025,2019-01-19,amucklestonekx,mXjojo,Intern,y,2019-01-19,9999-12-31
755,240772,2018-08-16,thumphrysky,Ywt5cKLKewYs,Medior,y,2018-08-16,9999-12-31
756,203168,2018-03-04,lnellkz,Bpa03RMDJ,Medior,y,2018-03-04,9999-12-31
757,324706,2018-05-27,glefortl0,NaN,Junior,y,2018-05-27,9999-12-31
758,121731,2021-04-08,bbeaversl1,mi5yJqOD4,Medior,y,2021-04-08,9999-12-31
759,496392,2021-04-14,dklammanl2,OiGKIeb,Junior,y,2021-04-14,9999-12-31
760,728948,2018-01-19,hcowtherdl3,DHvGtUuH,Senior,y,2018-01-19,9999-12-31
761,113218,2020-08-02,sdabnotl4,O2uVTiJ,Junior,y,2020-08-02,9999-12-31
762,716001,2018-10-20,dkeenl5,7GmXm0jF,Medior,y,2018-10-20,9999-12-31
763,519375,2018-10-19,gfreezerl6,fffSV8T,Senior,y,2018-10-19,9999-12-31
764,164892,2021-11-09,rgamblinl7,NaN,Medior,y,2021-11-09,9999-12-31
765,652796,2022-03-11,dmadlel8,jeEUmGRRL,Intern,y,2022-03-11,9999-12-31
766,845409,2018-05-29,mgyppsl9,NaN,Medior,y,2018-05-29,9999-12-31
767,866398,2019-05-16,sdarridonla,WkHWMU1,Intern,y,2019-05-16,9999-12-31
768,450167,2018-04-30,tdaubylb,iMqiDNR0,Medior,y,2018-04-30,9999-12-31
769,157113,2018-01-27,vbarocklc,W3U0wBQ4,Junior,y,2018-01-27,9999-12-31
770,328829,2019-06-29,wcosbyld,Xo4TOORH,Senior,y,2019-06-29,9999-12-31
771,265608,2021-01-10,mgeekiele,M8YltPxj0Sh,Senior,y,2021-01-10,9999-12-31
772,581844,2018-10-17,bcrecylf,Bsw9nAU,Medior,y,2018-10-17,9999-12-31
773,207068,2018-07-23,cwelshlg,oL2CBwFFr,Medior,y,2018-07-23,9999-12-31
774,975315,2021-09-02,etoplinglh,g9N3LuUwo,Intern,y,2021-09-02,9999-12-31
775,496270,2019-02-03,barmandli,jVqmY8sUK,Senior,y,2019-02-03,9999-12-31
776,224975,2020-07-05,lsweetzerlj,unu72E,Junior,y,2020-07-05,9999-12-31
777,499199,2018-10-24,rrollandlk,8fIVrB49XehJ,Junior,y,2018-10-24,9999-12-31
778,780710,2022-05-21,mcrosoerll,KqKjuesPgp,Junior,y,2022-05-21,9999-12-31
779,459945,2018-10-09,hexrollm,Psc5fv1,Junior,y,2018-10-09,9999-12-31
780,867727,2022-01-19,bpoyleln,G4n3YGi,Intern,y,2022-01-19,9999-12-31
781,647843,2020-10-10,eparsandlo,QAC5ppf,Medior,y,2020-10-10,9999-12-31
782,783177,2021-12-27,korteauxlp,HwoGVJfJGoMp,Junior,y,2021-12-27,9999-12-31
783,206028,2021-08-09,ttwinberrowlq,KU4ps5NBedwy,Intern,y,2021-08-09,9999-12-31
784,716691,2021-10-29,sbrafertonlr,ebpTsCI,Medior,y,2021-10-29,9999-12-31
785,654616,2022-04-26,ekilgrewls,Hqs13F3THXWd,Medior,y,2022-04-26,9999-12-31
786,172810,2018-06-13,pfalcolt,EKKFbQ,Senior,y,2018-06-13,9999-12-31
787,720977,2018-08-22,amoulsonlu,6MZg2EAV,Medior,y,2018-08-22,9999-12-31
788,909126,2020-08-13,crothmanlv,ZZXJxXcDxc,Junior,y,2020-08-13,9999-12-31
789,486875,2020-10-01,tmattiolilw,BEDHmPqTSbu,Intern,y,2020-10-01,9999-12-31
790,973751,2019-04-26,kwebberlx,39Hz8pECV3Rz,Senior,y,2019-04-26,9999-12-31
791,966626,2018-12-05,blewtonly,Sx4M5yfj1t,Senior,y,2018-12-05,9999-12-31
792,843620,2018-01-01,dcotthamlz,NaN,Senior,y,2018-01-01,9999-12-31
793,996038,2018-07-02,tthreadgouldm0,G3GEqLN,Junior,y,2018-07-02,9999-12-31
794,291854,2019-03-23,acolbrunm1,nmMPunUY32,Senior,y,2019-03-23,9999-12-31
795,909285,2018-08-30,phardacrem2,0INoHiWsp,Senior,y,2018-08-30,9999-12-31
796,576785,2021-09-04,hfahrenbachm3,jjwuodfe2p,Junior,y,2021-09-04,9999-12-31
797,300245,2018-01-18,hcarneckm4,8bR2z0nyI2,Junior,y,2018-01-18,9999-12-31
798,192580,2018-08-17,amadlem5,pgvG6il,Medior,y,2018-08-17,9999-12-31
799,475157,2022-07-18,rwattonm6,uTnUmrCxe,Senior,y,2022-07-18,9999-12-31
800,426398,2020-10-19,rlonghim7,4OVSxLUGiJ,Medior,y,2020-10-19,9999-12-31
801,684336,2022-01-25,bfittm8,3bBgjeiY2,Medior,y,2022-01-25,9999-12-31
802,704382,2020-02-03,gmcgaugiem9,NaN,Junior,y,2020-02-03,9999-12-31
803,715103,2021-11-27,ecrabbma,7CajcSTOM,Senior,y,2021-11-27,9999-12-31
804,742419,2018-11-11,jhuebnermb,qlKSPuN6V,Senior,y,2018-11-11,9999-12-31
805,557169,2018-12-19,gburkinmc,ZKxaCw,Medior,y,2018-12-19,9999-12-31
806,493300,2021-03-14,mrobisonmd,8IqpgH,Junior,y,2021-03-14,9999-12-31
807,141740,2019-10-07,sjicklesme,gy0tSPVa6o95,Junior,y,2019-10-07,9999-12-31
808,684408,2019-01-21,bdisdelmf,OPm5nu58rcY,Intern,y,2019-01-21,9999-12-31
809,420823,2020-02-08,mlehrmannmg,GgwyYO,Medior,y,2020-02-08,9999-12-31
810,749261,2021-01-06,ngianninimh,AaW3TV,Intern,y,2021-01-06,9999-12-31
811,505941,2021-04-27,xhinzemi,vYcHOiQJwZ,Junior,y,2021-04-27,9999-12-31
812,539793,2018-11-05,gkembermj,2kGPHKu,Senior,y,2018-11-05,9999-12-31
813,488116,2020-08-23,groddellmk,S4bq8u7R,Intern,y,2020-08-23,9999-12-31
814,834043,2022-05-16,vgirardoniml,CVKbxF6gnA,Senior,y,2022-05-16,9999-12-31
815,998935,2022-02-23,bbrokenshiremm,quBv8yVjbpN,Senior,y,2022-02-23,9999-12-31
816,920894,2019-02-16,sgoodlattmn,V5VEJW,Senior,y,2019-02-16,9999-12-31
817,978413,2020-07-24,bivashinnikovmo,NaN,Intern,y,2020-07-24,9999-12-31
818,182067,2021-02-22,cguerreaump,Uk4HkJtZj,Intern,y,2021-02-22,9999-12-31
819,124723,2021-03-19,mmessammq,FonCIMhzz,Intern,y,2021-03-19,9999-12-31
820,238095,2022-06-29,dbrahmmr,wq7OnDdqqPp,Intern,y,2022-06-29,9999-12-31
821,231620,2020-10-18,rvermams,5MZ1Us79,Medior,y,2020-10-18,9999-12-31
822,134122,2021-03-21,thallmt,EwrDOEAQ,Medior,y,2021-03-21,9999-12-31
823,401165,2022-05-24,dbestemu,DuE3xDHg,Medior,y,2022-05-24,9999-12-31
824,430566,2021-07-31,ccrookshanksmv,ZxvX0rh,Medior,y,2021-07-31,9999-12-31
825,348322,2021-02-13,fironmongermw,VBUaTxK60,Senior,y,2021-02-13,9999-12-31
826,514163,2019-10-07,dedworthymx,CUUEO9O8Ta,Senior,y,2019-10-07,9999-12-31
827,122250,2021-04-13,kcunniammy,bR0KjTGATP,Senior,y,2021-04-13,9999-12-31
828,394716,2018-10-16,lmollenmz,ajeRo8piGB1,Medior,y,2018-10-16,9999-12-31
829,650012,2020-09-12,gboldingn0,nFrjZdfvOwjq,Intern,y,2020-09-12,9999-12-31
830,429821,2022-03-05,rbownesn1,BRRcFld,Senior,y,2022-03-05,9999-12-31
831,959136,2018-03-21,gchallinn2,3vI9sv21PaL,Medior,y,2018-03-21,9999-12-31
832,248978,2022-05-06,tjeckelln3,Ku5oxrUn4,Medior,y,2022-05-06,9999-12-31
833,781708,2022-02-25,hklimentovn4,NaN,Junior,y,2022-02-25,9999-12-31
834,926402,2018-08-14,rhonschn5,smJCwS,Senior,y,2018-08-14,9999-12-31
835,401527,2018-03-26,acardenasn6,i8Nmr7IR,Medior,y,2018-03-26,9999-12-31
836,507408,2020-07-26,kwallacen7,NaN,Intern,y,2020-07-26,9999-12-31
837,770211,2021-03-15,krainonn8,NaN,Junior,y,2021-03-15,9999-12-31
838,661812,2020-10-20,kshelbournen9,gE4rNl3,Medior,y,2020-10-20,9999-12-31
839,686740,2020-10-05,cgilksna,LPfDCKkJ,Intern,y,2020-10-05,9999-12-31
840,672384,2019-03-03,fcarsbergnb,pYAPDQZn8,Junior,y,2019-03-03,9999-12-31
841,245927,2020-09-14,dhealksnc,3omGyh7LJ,Medior,y,2020-09-14,9999-12-31
842,849167,2019-05-18,gwithefordnd,lkL7MfKb,Senior,y,2019-05-18,9999-12-31
843,966981,2019-09-18,lsquibbsne,QjLKZbsh,Senior,y,2019-09-18,9999-12-31
844,695367,2021-04-26,jscranenf,i3c5X6hSIWe,Senior,y,2021-04-26,9999-12-31
845,131255,2021-07-07,vmarplesng,26l6eI40,Intern,y,2021-07-07,9999-12-31
846,805311,2019-10-29,kgormannh,jmt06EtX0W2i,Intern,y,2019-10-29,9999-12-31
847,849906,2022-05-05,mspurlingni,iIlv1p7TV,Intern,y,2022-05-05,9999-12-31
848,196789,2018-06-29,ringlesentnj,FhezHikoJ,Senior,y,2018-06-29,9999-12-31
849,342295,2018-03-16,gmellynk,1QD27tN,Junior,y,2018-03-16,9999-12-31
850,748227,2022-06-13,hduchatelnl,0HF9CkO,Intern,y,2022-06-13,9999-12-31
851,355287,2021-01-14,ksplevingnm,NaN,Junior,y,2021-01-14,9999-12-31
852,287621,2022-06-21,cszapironn,b6duDAmWyT,Medior,y,2022-06-21,9999-12-31
853,885023,2018-02-06,rjeannaudno,sjHKt9,Medior,y,2018-02-06,9999-12-31
854,954980,2022-01-04,tboissiernp,NaN,Senior,y,2022-01-04,9999-12-31
855,900252,2022-01-14,bmcconnachienq,YsMtq0kEiTU,Junior,y,2022-01-14,9999-12-31
856,459408,2019-11-28,fjephsonnr,5fb82zuB,Intern,y,2019-11-28,9999-12-31
857,416308,2020-08-15,nhurlstonns,V5DHLx,Junior,y,2020-08-15,9999-12-31
858,805657,2018-04-21,npitrollont,xrnh819Srh,Medior,y,2018-04-21,9999-12-31
859,558433,2019-08-08,ebagwellnu,A6I7d9grdyU,Junior,y,2019-08-08,9999-12-31
860,151761,2018-09-29,mcicconettiinv,NaN,Medior,y,2018-09-29,9999-12-31
861,556798,2018-12-10,mtotmannw,NaN,Senior,y,2018-12-10,9999-12-31
862,485361,2018-10-28,nreanx,1016aH,Senior,y,2018-10-28,9999-12-31
863,490382,2022-06-28,hnorresny,gSFtbEHz,Medior,y,2022-06-28,9999-12-31
864,355634,2020-05-18,pfulfordnz,rgGMM2,Senior,y,2020-05-18,9999-12-31
865,931921,2021-04-18,edignallo0,WfQsEGMykAO,Medior,y,2021-04-18,9999-12-31
866,299788,2022-04-15,tsonnenscheino1,1AqcAFkBALM,Intern,y,2022-04-15,9999-12-31
867,781866,2022-01-12,asturteo2,BnrUXfOYGra4,Senior,y,2022-01-12,9999-12-31
868,809028,2020-04-23,xpedrio3,mHcMjDVPWD6l,Junior,y,2020-04-23,9999-12-31
869,490197,2019-08-27,thousecrofto4,P0x1Ki,Senior,y,2019-08-27,9999-12-31
870,467294,2022-04-02,ddevennieo5,w3EetSsP,Intern,y,2022-04-02,9999-12-31
871,865416,2020-01-27,bbenezeito6,GgVRgHhj,Junior,y,2020-01-27,9999-12-31
872,815806,2021-06-19,ewalkero7,O4d1DR2Ds5X,Junior,y,2021-06-19,9999-12-31
873,739612,2022-05-17,tmclukieo8,qv6H3z6AOE3U,Senior,y,2022-05-17,9999-12-31
874,421598,2020-10-05,gchrishopo9,ST9Ak6boN,Junior,y,2020-10-05,9999-12-31
875,418861,2020-10-19,mcorrieoa,0NKEtDzXg,Junior,y,2020-10-19,9999-12-31
876,566624,2022-01-12,pphetteob,NaN,Medior,y,2022-01-12,9999-12-31
877,452874,2020-07-27,jmauriceoc,JjwxLrP6pw,Medior,y,2020-07-27,9999-12-31
878,615147,2019-08-11,jbroadistod,eqiB60F,Intern,y,2019-08-11,9999-12-31
879,896040,2021-11-10,mkyntonoe,LHyCiOzoMG,Junior,y,2021-11-10,9999-12-31
880,498104,2022-03-11,eantonucciof,Qt1Rt1vBMoD,Intern,y,2022-03-11,9999-12-31
881,669531,2019-10-08,sbeaconog,mmPDEbwgq,Intern,y,2019-10-08,9999-12-31
882,166701,2019-08-30,ufearneyoh,UghFWcHr0,Junior,y,2019-08-30,9999-12-31
883,203440,2018-03-08,mdedneyoi,7eavLY8ODTBc,Medior,y,2018-03-08,9999-12-31
884,120516,2018-04-30,vbertrandoj,pkmQZ6qOoM,Intern,y,2018-04-30,9999-12-31
885,517228,2022-07-06,tbrouwerok,wMFbFwNRER,Senior,y,2022-07-06,9999-12-31
886,627714,2020-11-07,dwalworthol,oyaVJhpL,Medior,y,2020-11-07,9999-12-31
887,776944,2019-10-02,gmcorkillom,PhejAue,Junior,y,2019-10-02,9999-12-31
888,568678,2019-03-02,nhumbeeon,TN7tPLT0,Junior,y,2019-03-02,9999-12-31
889,533294,2019-04-06,edominooo,SYH93ClzvEt3,Intern,y,2019-04-06,9999-12-31
890,665885,2021-12-28,btraslerop,SZtnpGjcsRbL,Intern,y,2021-12-28,9999-12-31
891,359540,2021-06-05,sdalloq,7OScgo,Junior,y,2021-06-05,9999-12-31
892,192216,2022-06-12,mreginaor,VNuLoNAtktn2,Intern,y,2022-06-12,9999-12-31
893,450257,2019-09-03,bbulfordos,7IXS6vg,Intern,y,2019-09-03,9999-12-31
894,766293,2018-10-27,dtolchardeot,JueOz4Z,Intern,y,2018-10-27,9999-12-31
895,977538,2019-04-10,agrinvalou,0PqoUD,Medior,y,2019-04-10,9999-12-31
896,764741,2019-01-02,ahembrowov,6i49xVIAv,Senior,y,2019-01-02,9999-12-31
897,972942,2020-05-20,jolesenow,7wNBVr9sF,Medior,y,2020-05-20,9999-12-31
898,876407,2022-02-06,kmerrellox,XZgnCtx4O,Intern,y,2022-02-06,9999-12-31
899,378972,2022-07-04,ahenkmannoy,APPeiNjU6IOg,Medior,y,2022-07-04,9999-12-31
900,877951,2021-02-28,lladburyoz,buE9gffY,Intern,y,2021-02-28,9999-12-31
901,406950,2018-11-28,mbaudouxp0,8uGubVb5SmcL,Intern,y,2018-11-28,9999-12-31
902,433237,2022-06-28,kcarnamanp1,UlQIfv5,Medior,y,2022-06-28,9999-12-31
903,415447,2018-08-17,fcogdonp2,DFZGZBeU,Junior,y,2018-08-17,9999-12-31
904,615197,2020-07-14,webornp3,MUGVUGtf,Senior,y,2020-07-14,9999-12-31
905,171310,2019-08-18,tdicksp4,NyN3ZMS8Nl1Q,Medior,y,2019-08-18,9999-12-31
906,731881,2020-12-05,rpauloup5,WycR0H5,Senior,y,2020-12-05,9999-12-31
907,371306,2021-01-12,pmyrickp6,UvnT9ypYS5We,Senior,y,2021-01-12,9999-12-31
908,979097,2021-07-15,oleaderp7,L5XGkfhZahGP,Medior,y,2021-07-15,9999-12-31
909,900636,2019-05-17,cbroadwayp8,mv4xLIzMd,Senior,y,2019-05-17,9999-12-31
910,949520,2018-11-16,gwolfartp9,AZyifcg1X5,Junior,y,2018-11-16,9999-12-31
911,836577,2020-02-05,bmillgatepa,z9U5ZgZiC,Junior,y,2020-02-05,9999-12-31
912,998883,2020-01-03,vrenniepb,Y0MEf8,Medior,y,2020-01-03,9999-12-31
913,742177,2018-12-17,cpeddenpc,iGbnqGQ,Intern,y,2018-12-17,9999-12-31
914,184612,2020-04-04,ccleverleypd,wAZyXJON,Senior,y,2020-04-04,9999-12-31
915,691737,2020-08-27,mmcdavittpe,732c7EOjs7,Junior,y,2020-08-27,9999-12-31
916,364157,2021-05-21,ateshpf,5qwB7CNgn,Junior,y,2021-05-21,9999-12-31
917,105194,2020-10-19,rdelaceypg,dV0y64,Senior,y,2020-10-19,9999-12-31
918,125785,2019-01-05,hpennoneph,NaN,Senior,y,2019-01-05,9999-12-31
919,319027,2022-06-27,cgivenpi,TN7qR6I8T2y,Senior,y,2022-06-27,9999-12-31
920,524480,2021-12-26,dcuerpj,CTK7PZ,Junior,y,2021-12-26,9999-12-31
921,603281,2020-06-24,loliverapk,vajk9bbFh,Intern,y,2020-06-24,9999-12-31
922,239915,2021-06-04,wreddellpl,cgWXsPONw,Medior,y,2021-06-04,9999-12-31
923,240804,2022-04-07,dkallpm,WHmASEDgk,Intern,y,2022-04-07,9999-12-31
924,111741,2021-09-19,aflettpn,LfcwmgO,Junior,y,2021-09-19,9999-12-31
925,394353,2018-01-16,rbraddenpo,hRuZ8f5,Junior,y,2018-01-16,9999-12-31
926,420148,2019-09-04,gbarnabypp,z1TkccP,Medior,y,2019-09-04,9999-12-31
927,214017,2020-01-31,jgearepq,NaN,Intern,y,2020-01-31,9999-12-31
928,374496,2019-07-13,vcatherallpr,Xd0YdN7Zo9UW,Junior,y,2019-07-13,9999-12-31
929,681596,2020-05-05,wcantops,8efs6nGB,Senior,y,2020-05-05,9999-12-31
930,628290,2020-08-23,smunghampt,ic4XAarh6k,Intern,y,2020-08-23,9999-12-31
931,914718,2019-06-24,ihubboldpu,LDcP1o,Junior,y,2019-06-24,9999-12-31
932,410572,2021-05-01,lbusfieldpv,raYCmhWlvBK,Junior,y,2021-05-01,9999-12-31
933,866421,2021-02-26,jsavegepw,0izCX0,Junior,y,2021-02-26,9999-12-31
934,848324,2020-02-08,rwaplespx,ePrg23,Junior,y,2020-02-08,9999-12-31
935,219536,2022-07-02,jstellinopy,7dSIGYcaf,Senior,y,2022-07-02,9999-12-31
936,503862,2022-04-08,zcastillapz,oPFUoLUY,Medior,y,2022-04-08,9999-12-31
937,248026,2020-09-13,afeavyourq0,LNbrSPICqxU7,Intern,y,2020-09-13,9999-12-31
938,423978,2018-07-18,ctuveyq1,tNFhm5o,Intern,y,2018-07-18,9999-12-31
939,924566,2018-11-02,gheindleq2,3c7ybdI,Junior,y,2018-11-02,9999-12-31
940,833432,2021-12-27,gthomessonq3,cwEaazF,Senior,y,2021-12-27,9999-12-31
941,511847,2018-01-21,kidillq4,lS5yIakE9IkR,Medior,y,2018-01-21,9999-12-31
942,182555,2021-10-19,sgrishankovq5,IJIoAvGxB46,Intern,y,2021-10-19,9999-12-31
943,395609,2018-09-21,mtitmanq6,QwnC1u,Senior,y,2018-09-21,9999-12-31
944,604954,2019-11-12,gbroggioq7,fIPmFCEESk0S,Medior,y,2019-11-12,9999-12-31
945,664173,2020-05-28,ddaftq8,gc3DkozUKZjU,Medior,y,2020-05-28,9999-12-31
946,271948,2021-05-02,bsnoddyq9,tlcuNhyBT,Medior,y,2021-05-02,9999-12-31
947,158029,2020-09-30,dhollingbyqa,2z97r65lGn,Medior,y,2020-09-30,9999-12-31
948,708619,2022-04-26,mrablanqb,XTa0Rg,Medior,y,2022-04-26,9999-12-31
949,150357,2021-10-09,gbowichqc,A7S4ESqF4B,Medior,y,2021-10-09,9999-12-31
950,687792,2019-10-20,bwollersqd,fRREaab8Y9,Intern,y,2019-10-20,9999-12-31
951,506923,2022-08-22,nfontelqe,T95qr0G,Intern,y,2022-08-22,9999-12-31
952,545487,2019-08-03,twhewillqf,h8po4FKMF,Junior,y,2019-08-03,9999-12-31
953,296143,2020-04-18,iburwoodqg,us0ntgm8vn,Senior,y,2020-04-18,9999-12-31
954,368457,2021-11-11,jalkerqh,G0propasB,Medior,y,2021-11-11,9999-12-31
955,302365,2022-07-07,kswedeqi,pfpFy2oW9,Junior,y,2022-07-07,9999-12-31
956,506066,2021-08-02,bchitteyqj,Jp8GiQRrca,Junior,y,2021-08-02,9999-12-31
957,661202,2019-09-14,thendonsonqk,mg7BYuGDWi,Intern,y,2019-09-14,9999-12-31
958,682468,2020-11-16,rdemongeql,NaN,Intern,y,2020-11-16,9999-12-31
959,984018,2018-07-01,ggroddenqm,Gg4d6go6VZCa,Junior,y,2018-07-01,9999-12-31
960,767288,2020-04-15,eshippeyqn,QOBsYSh,Junior,y,2020-04-15,9999-12-31
961,238650,2020-11-23,rdizlieqo,3XDFbw,Junior,y,2020-11-23,9999-12-31
962,762083,2022-06-12,rheakeqp,eIx9gthaC,Intern,y,2022-06-12,9999-12-31
963,109764,2020-06-26,wleftlyqq,14RsUBrQic0R,Medior,y,2020-06-26,9999-12-31
964,506622,2021-02-25,jschoenleiterqr,2Y1NmaZ,Junior,y,2021-02-25,9999-12-31
965,526317,2021-08-26,usterteqs,1VskMIPaR,Junior,y,2021-08-26,9999-12-31
966,674346,2020-02-13,cboutsqt,ROf9sBGVubRU,Senior,y,2020-02-13,9999-12-31
967,922890,2021-12-27,obeamesqu,KP80Dg,Senior,y,2021-12-27,9999-12-31
968,330501,2022-08-07,kbasantqv,34lnKktu0uCL,Senior,y,2022-08-07,9999-12-31
969,788213,2018-09-08,ibosquetqw,scY5Sjz4O,Medior,y,2018-09-08,9999-12-31
970,720186,2019-12-06,sabbateqx,NaN,Intern,y,2019-12-06,9999-12-31
971,247234,2021-10-27,nplampeynqy,H6NNkcoqMu,Junior,y,2021-10-27,9999-12-31
972,162323,2019-10-02,chowsinqz,VlIoJ3D,Medior,y,2019-10-02,9999-12-31
973,183994,2021-07-12,ntomeor0,29skDx,Intern,y,2021-07-12,9999-12-31
974,440750,2018-09-13,mlodor1,6gE6XH,Medior,y,2018-09-13,9999-12-31
975,481981,2022-06-03,epetrellir2,NaN,Senior,y,2022-06-03,9999-12-31
976,247945,2018-02-15,sgentr3,GigtuPtESiCR,Medior,y,2018-02-15,9999-12-31
977,937729,2021-10-25,bkirrager4,UNlt475QVoJ,Junior,y,2021-10-25,9999-12-31
978,420827,2022-08-18,twoodhouser5,FfJfdf,Medior,y,2022-08-18,9999-12-31
979,585207,2018-10-11,dcruftsr6,GfPwTrMn,Intern,y,2018-10-11,9999-12-31
980,328251,2020-07-28,skinghr7,Mt0PmHz,Intern,y,2020-07-28,9999-12-31
981,885129,2019-06-27,fmedmorer8,gwsz7Yh,Senior,y,2019-06-27,9999-12-31
982,428544,2020-04-02,aamysr9,kBYeLe0,Intern,y,2020-04-02,9999-12-31
983,764769,2021-09-11,hstatera,Uqn3zX6,Intern,y,2021-09-11,9999-12-31
984,463521,2022-02-13,cmataninrb,NaN,Intern,y,2022-02-13,9999-12-31
985,903723,2022-01-07,orotgerc,4rCwgJFGjZJ,Junior,y,2022-01-07,9999-12-31
986,457459,2018-03-31,aodroughtrd,a1IzW2l1,Medior,y,2018-03-31,9999-12-31
987,283428,2021-02-05,hfalckre,bP75tRQCARp,Medior,y,2021-02-05,9999-12-31
988,622269,2019-12-17,cyearnrf,U6GpvNAQd,Medior,y,2019-12-17,9999-12-31
989,300051,2020-06-13,mronaghanrg,UsZGe0qCAy,Junior,y,2020-06-13,9999-12-31
990,757612,2021-07-31,edemeridarh,tG076V4tdMe,Medior,y,2021-07-31,9999-12-31
991,270153,2018-09-22,pchowneri,Un8xG1mIYZ5,Senior,y,2018-09-22,9999-12-31
992,414004,2018-07-25,pmarnsrj,h5wX0rHa,Medior,y,2018-07-25,9999-12-31
993,596880,2022-05-09,llongworthyrk,xuLdkIFyDZws,Medior,y,2022-05-09,9999-12-31
994,406455,2018-03-28,astrangerrl,mhvu2w6x,Medior,y,2018-03-28,9999-12-31
995,394779,2018-03-25,omaherrm,UrtKuhjCu4MX,Junior,y,2018-03-25,9999-12-31
996,637931,2019-10-08,hpleveyrn,l2bjFrzl,Senior,y,2019-10-08,9999-12-31
997,295865,2019-02-25,dburnsallro,PX8Km3S0A8N,Senior,y,2019-02-25,9999-12-31
998,270074,2020-04-02,fziemsrp,DeLa4Wo0wWd,Senior,y,2020-04-02,9999-12-31
999,517924,2018-01-04,jfirlerq,mqKMmnEpccG,Junior,y,2018-01-04,9999-12-31
1000,331563,2020-12-28,ablizardrr,hCRZSnkA,Junior,y,2020-12-28,9999-12-31
